date,diaria_mes,peso_mensual,kost,parcial
2010-01-01,24.0,0.36,8.64,False
2010-01-02,30.0,0.36,10.799999999999999,False
2010-01-03,46.0,0.36,16.56,False
2010-01-04,83.0,0.36,29.88,False
2010-01-05,62.0,0.36,22.32,False
2010-01-06,26.0,0.36,9.36,False
2010-01-07,72.0,0.36,25.919999999999998,False
2010-01-08,52.0,0.36,18.72,False
2010-01-09,32.0,0.36,11.52,False
2010-01-10,42.0,0.36,15.12,False
2010-01-11,100.0,0.36,36.0,False
2010-01-12,93.0,0.36,33.48,False
2010-01-13,82.0,0.36,29.52,False
2010-01-14,86.0,0.36,30.959999999999997,False
2010-01-15,50.0,0.36,18.0,False
2010-01-16,38.0,0.36,13.68,False
2010-01-17,43.0,0.36,15.479999999999999,False
2010-01-18,71.0,0.36,25.56,False
2010-01-19,83.0,0.36,29.88,False
2010-01-20,67.0,0.36,24.119999999999997,False
2010-01-21,69.0,0.36,24.84,False
2010-01-22,59.0,0.36,21.24,False
2010-01-23,22.0,0.36,7.92,False
2010-01-24,35.0,0.36,12.6,False
2010-01-25,75.0,0.36,27.0,False
2010-01-26,63.0,0.36,22.68,False
2010-01-27,75.0,0.36,27.0,False
2010-01-28,62.0,0.36,22.32,False
2010-01-29,58.0,0.36,20.88,False
2010-01-30,44.0,0.36,15.84,False
2010-01-31,43.0,0.36,15.479999999999999,False
2010-02-01,84.0,0.42,35.28,False
2010-02-02,97.0,0.42,40.74,False
2010-02-03,85.0,0.42,35.699999999999996,False
2010-02-04,94.0,0.42,39.48,False
2010-02-05,70.0,0.42,29.4,False
2010-02-06,28.0,0.42,11.76,False
2010-02-07,44.0,0.42,18.48,False
2010-02-08,61.0,0.42,25.619999999999997,False
2010-02-09,98.0,0.42,41.16,False
2010-02-10,100.0,0.42,42.0,False
2010-02-11,71.0,0.42,29.82,False
2010-02-12,68.0,0.42,28.56,False
2010-02-13,35.0,0.42,14.7,False
2010-02-14,29.0,0.42,12.18,False
2010-02-15,67.0,0.42,28.14,False
2010-02-16,82.0,0.42,34.44,False
2010-02-17,78.0,0.42,32.76,False
2010-02-18,64.0,0.42,26.88,False
2010-02-19,50.0,0.42,21.0,False
2010-02-20,32.0,0.42,13.44,False
2010-02-21,42.0,0.42,17.64,False
2010-02-22,75.0,0.42,31.5,False
2010-02-23,65.0,0.42,27.3,False
2010-02-24,61.0,0.42,25.619999999999997,False
2010-02-25,65.0,0.42,27.3,False
2010-02-26,66.0,0.42,27.72,False
2010-02-27,24.0,0.42,10.08,False
2010-02-28,41.0,0.42,17.22,False
2010-03-01,92.0,0.34,31.28,False
2010-03-02,99.0,0.34,33.660000000000004,False
2010-03-03,90.0,0.34,30.6,False
2010-03-04,64.0,0.34,21.76,False
2010-03-05,57.0,0.34,19.380000000000003,False
2010-03-06,34.0,0.34,11.56,False
2010-03-07,38.0,0.34,12.920000000000002,False
2010-03-08,71.0,0.34,24.14,False
2010-03-09,90.0,0.34,30.6,False
2010-03-10,100.0,0.34,34.0,False
2010-03-11,76.0,0.34,25.840000000000003,False
2010-03-12,50.0,0.34,17.0,False
2010-03-13,24.0,0.34,8.16,False
2010-03-14,32.0,0.34,10.88,False
2010-03-15,77.0,0.34,26.180000000000003,False
2010-03-16,74.0,0.34,25.16,False
2010-03-17,80.0,0.34,27.200000000000003,False
2010-03-18,77.0,0.34,26.180000000000003,False
2010-03-19,36.0,0.34,12.24,False
2010-03-20,28.0,0.34,9.520000000000001,False
2010-03-21,40.0,0.34,13.600000000000001,False
2010-03-22,86.0,0.34,29.240000000000002,False
2010-03-23,76.0,0.34,25.840000000000003,False
2010-03-24,87.0,0.34,29.580000000000002,False
2010-03-25,74.0,0.34,25.16,False
2010-03-26,56.0,0.34,19.040000000000003,False
2010-03-27,25.0,0.34,8.5,False
2010-03-28,30.0,0.34,10.200000000000001,False
2010-03-29,57.0,0.34,19.380000000000003,False
2010-03-30,62.0,0.34,21.080000000000002,False
2010-03-31,43.0,0.34,14.620000000000001,False
2010-04-01,21.0,0.38,7.98,False
2010-04-02,28.0,0.38,10.64,False
2010-04-03,35.0,0.38,13.3,False
2010-04-04,41.0,0.38,15.58,False
2010-04-05,72.0,0.38,27.36,False
2010-04-06,100.0,0.38,38.0,False
2010-04-07,83.0,0.38,31.54,False
2010-04-08,84.0,0.38,31.92,False
2010-04-09,58.0,0.38,22.04,False
2010-04-10,32.0,0.38,12.16,False
2010-04-11,43.0,0.38,16.34,False
2010-04-12,89.0,0.38,33.82,False
2010-04-13,83.0,0.38,31.54,False
2010-04-14,80.0,0.38,30.4,False
2010-04-15,78.0,0.38,29.64,False
2010-04-16,62.0,0.38,23.56,False
2010-04-17,31.0,0.38,11.78,False
2010-04-18,37.0,0.38,14.06,False
2010-04-19,64.0,0.38,24.32,False
2010-04-20,80.0,0.38,30.4,False
2010-04-21,69.0,0.38,26.22,False
2010-04-22,73.0,0.38,27.740000000000002,False
2010-04-23,47.0,0.38,17.86,False
2010-04-24,31.0,0.38,11.78,False
2010-04-25,27.0,0.38,10.26,False
2010-04-26,77.0,0.38,29.26,False
2010-04-27,71.0,0.38,26.98,False
2010-04-28,68.0,0.38,25.84,False
2010-04-29,73.0,0.38,27.740000000000002,False
2010-04-30,70.0,0.38,26.6,False
2010-05-01,50.0,0.35,17.5,False
2010-05-02,41.0,0.35,14.35,False
2010-05-03,98.0,0.35,34.3,False
2010-05-04,92.0,0.35,32.199999999999996,False
2010-05-05,82.0,0.35,28.7,False
2010-05-06,86.0,0.35,30.099999999999998,False
2010-05-07,69.0,0.35,24.15,False
2010-05-08,38.0,0.35,13.299999999999999,False
2010-05-09,62.0,0.35,21.7,False
2010-05-10,96.0,0.35,33.599999999999994,False
2010-05-11,100.0,0.35,35.0,False
2010-05-12,92.0,0.35,32.199999999999996,False
2010-05-13,82.0,0.35,28.7,False
2010-05-14,79.0,0.35,27.65,False
2010-05-15,28.0,0.35,9.799999999999999,False
2010-05-16,40.0,0.35,14.0,False
2010-05-17,68.0,0.35,23.799999999999997,False
2010-05-18,75.0,0.35,26.25,False
2010-05-19,90.0,0.35,31.499999999999996,False
2010-05-20,85.0,0.35,29.749999999999996,False
2010-05-21,64.0,0.35,22.4,False
2010-05-22,39.0,0.35,13.649999999999999,False
2010-05-23,43.0,0.35,15.049999999999999,False
2010-05-24,76.0,0.35,26.599999999999998,False
2010-05-25,88.0,0.35,30.799999999999997,False
2010-05-26,94.0,0.35,32.9,False
2010-05-27,93.0,0.35,32.55,False
2010-05-28,72.0,0.35,25.2,False
2010-05-29,39.0,0.35,13.649999999999999,False
2010-05-30,55.0,0.35,19.25,False
2010-05-31,89.0,0.35,31.15,False
2010-06-01,85.0,0.34,28.900000000000002,False
2010-06-02,100.0,0.34,34.0,False
2010-06-03,85.0,0.34,28.900000000000002,False
2010-06-04,65.0,0.34,22.1,False
2010-06-05,29.0,0.34,9.860000000000001,False
2010-06-06,28.0,0.34,9.520000000000001,False
2010-06-07,73.0,0.34,24.82,False
2010-06-08,81.0,0.34,27.540000000000003,False
2010-06-09,96.0,0.34,32.64,False
2010-06-10,87.0,0.34,29.580000000000002,False
2010-06-11,67.0,0.34,22.78,False
2010-06-12,35.0,0.34,11.9,False
2010-06-13,39.0,0.34,13.260000000000002,False
2010-06-14,73.0,0.34,24.82,False
2010-06-15,78.0,0.34,26.520000000000003,False
2010-06-16,79.0,0.34,26.860000000000003,False
2010-06-17,73.0,0.34,24.82,False
2010-06-18,52.0,0.34,17.68,False
2010-06-19,32.0,0.34,10.88,False
2010-06-20,37.0,0.34,12.58,False
2010-06-21,69.0,0.34,23.46,False
2010-06-22,67.0,0.34,22.78,False
2010-06-23,58.0,0.34,19.720000000000002,False
2010-06-24,77.0,0.34,26.180000000000003,False
2010-06-25,55.0,0.34,18.700000000000003,False
2010-06-26,19.0,0.34,6.460000000000001,False
2010-06-27,36.0,0.34,12.24,False
2010-06-28,91.0,0.34,30.94,False
2010-06-29,76.0,0.34,25.840000000000003,False
2010-06-30,79.0,0.34,26.860000000000003,False
2010-07-01,92.0,0.34,31.28,False
2010-07-02,86.0,0.34,29.240000000000002,False
2010-07-03,31.0,0.34,10.540000000000001,False
2010-07-04,33.0,0.34,11.22,False
2010-07-05,88.0,0.34,29.92,False
2010-07-06,84.0,0.34,28.560000000000002,False
2010-07-07,100.0,0.34,34.0,False
2010-07-08,70.0,0.34,23.8,False
2010-07-09,66.0,0.34,22.44,False
2010-07-10,47.0,0.34,15.98,False
2010-07-11,47.0,0.34,15.98,False
2010-07-12,99.0,0.34,33.660000000000004,False
2010-07-13,92.0,0.34,31.28,False
2010-07-14,86.0,0.34,29.240000000000002,False
2010-07-15,56.0,0.34,19.040000000000003,False
2010-07-16,58.0,0.34,19.720000000000002,False
2010-07-17,26.0,0.34,8.84,False
2010-07-18,56.0,0.34,19.040000000000003,False
2010-07-19,64.0,0.34,21.76,False
2010-07-20,88.0,0.34,29.92,False
2010-07-21,77.0,0.34,26.180000000000003,False
2010-07-22,95.0,0.34,32.300000000000004,False
2010-07-23,73.0,0.34,24.82,False
2010-07-24,34.0,0.34,11.56,False
2010-07-25,36.0,0.34,12.24,False
2010-07-26,91.0,0.34,30.94,False
2010-07-27,82.0,0.34,27.880000000000003,False
2010-07-28,81.0,0.34,27.540000000000003,False
2010-07-29,92.0,0.34,31.28,False
2010-07-30,80.0,0.34,27.200000000000003,False
2010-07-31,50.0,0.34,17.0,False
2010-08-01,50.0,0.31,15.5,False
2010-08-02,75.0,0.31,23.25,False
2010-08-03,88.0,0.31,27.28,False
2010-08-04,73.0,0.31,22.63,False
2010-08-05,68.0,0.31,21.08,False
2010-08-06,38.0,0.31,11.78,False
2010-08-07,32.0,0.31,9.92,False
2010-08-08,23.0,0.31,7.13,False
2010-08-09,72.0,0.31,22.32,False
2010-08-10,100.0,0.31,31.0,False
2010-08-11,59.0,0.31,18.29,False
2010-08-12,70.0,0.31,21.7,False
2010-08-13,47.0,0.31,14.57,False
2010-08-14,24.0,0.31,7.4399999999999995,False
2010-08-15,0.0,0.31,0.0,False
2010-08-16,74.0,0.31,22.94,False
2010-08-17,81.0,0.31,25.11,False
2010-08-18,84.0,0.31,26.04,False
2010-08-19,73.0,0.31,22.63,False
2010-08-20,71.0,0.31,22.01,False
2010-08-21,43.0,0.31,13.33,False
2010-08-22,47.0,0.31,14.57,False
2010-08-23,71.0,0.31,22.01,False
2010-08-24,89.0,0.31,27.59,False
2010-08-25,73.0,0.31,22.63,False
2010-08-26,75.0,0.31,23.25,False
2010-08-27,40.0,0.31,12.4,False
2010-08-28,27.0,0.31,8.37,False
2010-08-29,29.0,0.31,8.99,False
2010-08-30,75.0,0.31,23.25,False
2010-08-31,72.0,0.31,22.32,False
2010-09-01,93.0,0.35,32.55,False
2010-09-02,100.0,0.35,35.0,False
2010-09-03,81.0,0.35,28.349999999999998,False
2010-09-04,31.0,0.35,10.85,False
2010-09-05,50.0,0.35,17.5,False
2010-09-06,85.0,0.35,29.749999999999996,False
2010-09-07,95.0,0.35,33.25,False
2010-09-08,81.0,0.35,28.349999999999998,False
2010-09-09,96.0,0.35,33.599999999999994,False
2010-09-10,90.0,0.35,31.499999999999996,False
2010-09-11,41.0,0.35,14.35,False
2010-09-12,55.0,0.35,19.25,False
2010-09-13,94.0,0.35,32.9,False
2010-09-14,97.0,0.35,33.949999999999996,False
2010-09-15,92.0,0.35,32.199999999999996,False
2010-09-16,85.0,0.35,29.749999999999996,False
2010-09-17,66.0,0.35,23.099999999999998,False
2010-09-18,42.0,0.35,14.7,False
2010-09-19,48.0,0.35,16.799999999999997,False
2010-09-20,69.0,0.35,24.15,False
2010-09-21,89.0,0.35,31.15,False
2010-09-22,92.0,0.35,32.199999999999996,False
2010-09-23,89.0,0.35,31.15,False
2010-09-24,70.0,0.35,24.5,False
2010-09-25,27.0,0.35,9.45,False
2010-09-26,42.0,0.35,14.7,False
2010-09-27,83.0,0.35,29.049999999999997,False
2010-09-28,99.0,0.35,34.65,False
2010-09-29,65.0,0.35,22.75,False
2010-09-30,81.0,0.35,28.349999999999998,False
2010-10-01,80.0,0.32,25.6,False
2010-10-02,36.0,0.32,11.52,False
2010-10-03,52.0,0.32,16.64,False
2010-10-04,100.0,0.32,32.0,False
2010-10-05,96.0,0.32,30.72,False
2010-10-06,89.0,0.32,28.48,False
2010-10-07,95.0,0.32,30.400000000000002,False
2010-10-08,71.0,0.32,22.72,False
2010-10-09,36.0,0.32,11.52,False
2010-10-10,48.0,0.32,15.36,False
2010-10-11,66.0,0.32,21.12,False
2010-10-12,60.0,0.32,19.2,False
2010-10-13,91.0,0.32,29.12,False
2010-10-14,83.0,0.32,26.560000000000002,False
2010-10-15,63.0,0.32,20.16,False
2010-10-16,24.0,0.32,7.68,False
2010-10-17,42.0,0.32,13.44,False
2010-10-18,81.0,0.32,25.92,False
2010-10-19,79.0,0.32,25.28,False
2010-10-20,80.0,0.32,25.6,False
2010-10-21,90.0,0.32,28.8,False
2010-10-22,70.0,0.32,22.400000000000002,False
2010-10-23,35.0,0.32,11.200000000000001,False
2010-10-24,52.0,0.32,16.64,False
2010-10-25,86.0,0.32,27.52,False
2010-10-26,81.0,0.32,25.92,False
2010-10-27,96.0,0.32,30.72,False
2010-10-28,98.0,0.32,31.36,False
2010-10-29,58.0,0.32,18.56,False
2010-10-30,41.0,0.32,13.120000000000001,False
2010-10-31,30.0,0.32,9.6,False
2010-11-01,63.0,0.31,19.53,False
2010-11-02,93.0,0.31,28.83,False
2010-11-03,100.0,0.31,31.0,False
2010-11-04,99.0,0.31,30.69,False
2010-11-05,74.0,0.31,22.94,False
2010-11-06,45.0,0.31,13.95,False
2010-11-07,44.0,0.31,13.64,False
2010-11-08,92.0,0.31,28.52,False
2010-11-09,84.0,0.31,26.04,False
2010-11-10,96.0,0.31,29.759999999999998,False
2010-11-11,80.0,0.31,24.8,False
2010-11-12,86.0,0.31,26.66,False
2010-11-13,28.0,0.31,8.68,False
2010-11-14,36.0,0.31,11.16,False
2010-11-15,84.0,0.31,26.04,False
2010-11-16,84.0,0.31,26.04,False
2010-11-17,79.0,0.31,24.49,False
2010-11-18,66.0,0.31,20.46,False
2010-11-19,61.0,0.31,18.91,False
2010-11-20,43.0,0.31,13.33,False
2010-11-21,37.0,0.31,11.47,False
2010-11-22,75.0,0.31,23.25,False
2010-11-23,79.0,0.31,24.49,False
2010-11-24,59.0,0.31,18.29,False
2010-11-25,64.0,0.31,19.84,False
2010-11-26,68.0,0.31,21.08,False
2010-11-27,31.0,0.31,9.61,False
2010-11-28,38.0,0.31,11.78,False
2010-11-29,74.0,0.31,22.94,False
2010-11-30,81.0,0.31,25.11,False
2010-12-01,100.0,0.29,28.999999999999996,False
2010-12-02,92.0,0.29,26.68,False
2010-12-03,72.0,0.29,20.88,False
2010-12-04,40.0,0.29,11.6,False
2010-12-05,31.0,0.29,8.99,False
2010-12-06,37.0,0.29,10.729999999999999,False
2010-12-07,55.0,0.29,15.95,False
2010-12-08,37.0,0.29,10.729999999999999,False
2010-12-09,58.0,0.29,16.82,False
2010-12-10,69.0,0.29,20.009999999999998,False
2010-12-11,31.0,0.29,8.99,False
2010-12-12,30.0,0.29,8.7,False
2010-12-13,74.0,0.29,21.459999999999997,False
2010-12-14,62.0,0.29,17.98,False
2010-12-15,55.0,0.29,15.95,False
2010-12-16,64.0,0.29,18.56,False
2010-12-17,52.0,0.29,15.079999999999998,False
2010-12-18,24.0,0.29,6.959999999999999,False
2010-12-19,30.0,0.29,8.7,False
2010-12-20,55.0,0.29,15.95,False
2010-12-21,46.0,0.29,13.34,False
2010-12-22,38.0,0.29,11.02,False
2010-12-23,41.0,0.29,11.889999999999999,False
2010-12-24,18.0,0.29,5.22,False
2010-12-25,0.0,0.29,0.0,False
2010-12-26,26.0,0.29,7.539999999999999,False
2010-12-27,55.0,0.29,15.95,False
2010-12-28,55.0,0.29,15.95,False
2010-12-29,56.0,0.29,16.24,False
2010-12-30,54.0,0.29,15.659999999999998,False
2010-12-31,36.0,0.29,10.44,False
2011-01-01,41.0,0.37,15.17,False
2011-01-02,40.0,0.37,14.8,False
2011-01-03,72.0,0.37,26.64,False
2011-01-04,73.0,0.37,27.009999999999998,False
2011-01-05,53.0,0.37,19.61,False
2011-01-06,30.0,0.37,11.1,False
2011-01-07,58.0,0.37,21.46,False
2011-01-08,44.0,0.37,16.28,False
2011-01-09,46.0,0.37,17.02,False
2011-01-10,100.0,0.37,37.0,False
2011-01-11,88.0,0.37,32.56,False
2011-01-12,84.0,0.37,31.08,False
2011-01-13,74.0,0.37,27.38,False
2011-01-14,64.0,0.37,23.68,False
2011-01-15,41.0,0.37,15.17,False
2011-01-16,47.0,0.37,17.39,False
2011-01-17,71.0,0.37,26.27,False
2011-01-18,74.0,0.37,27.38,False
2011-01-19,77.0,0.37,28.49,False
2011-01-20,57.0,0.37,21.09,False
2011-01-21,68.0,0.37,25.16,False
2011-01-22,25.0,0.37,9.25,False
2011-01-23,35.0,0.37,12.95,False
2011-01-24,84.0,0.37,31.08,False
2011-01-25,70.0,0.37,25.9,False
2011-01-26,73.0,0.37,27.009999999999998,False
2011-01-27,74.0,0.37,27.38,False
2011-01-28,66.0,0.37,24.419999999999998,False
2011-01-29,40.0,0.37,14.8,False
2011-01-30,41.0,0.37,15.17,False
2011-01-31,81.0,0.37,29.97,False
2011-02-01,74.0,0.35,25.9,False
2011-02-02,84.0,0.35,29.4,False
2011-02-03,81.0,0.35,28.349999999999998,False
2011-02-04,55.0,0.35,19.25,False
2011-02-05,30.0,0.35,10.5,False
2011-02-06,33.0,0.35,11.549999999999999,False
2011-02-07,76.0,0.35,26.599999999999998,False
2011-02-08,69.0,0.35,24.15,False
2011-02-09,70.0,0.35,24.5,False
2011-02-10,100.0,0.35,35.0,False
2011-02-11,66.0,0.35,23.099999999999998,False
2011-02-12,31.0,0.35,10.85,False
2011-02-13,29.0,0.35,10.149999999999999,False
2011-02-14,71.0,0.35,24.849999999999998,False
2011-02-15,79.0,0.35,27.65,False
2011-02-16,82.0,0.35,28.7,False
2011-02-17,47.0,0.35,16.45,False
2011-02-18,64.0,0.35,22.4,False
2011-02-19,32.0,0.35,11.2,False
2011-02-20,38.0,0.35,13.299999999999999,False
2011-02-21,68.0,0.35,23.799999999999997,False
2011-02-22,61.0,0.35,21.349999999999998,False
2011-02-23,64.0,0.35,22.4,False
2011-02-24,59.0,0.35,20.65,False
2011-02-25,50.0,0.35,17.5,False
2011-02-26,28.0,0.35,9.799999999999999,False
2011-02-27,30.0,0.35,10.5,False
2011-02-28,58.0,0.35,20.299999999999997,False
2011-03-01,86.0,0.31,26.66,False
2011-03-02,100.0,0.31,31.0,False
2011-03-03,83.0,0.31,25.73,False
2011-03-04,81.0,0.31,25.11,False
2011-03-05,32.0,0.31,9.92,False
2011-03-06,41.0,0.31,12.709999999999999,False
2011-03-07,72.0,0.31,22.32,False
2011-03-08,79.0,0.31,24.49,False
2011-03-09,89.0,0.31,27.59,False
2011-03-10,86.0,0.31,26.66,False
2011-03-11,62.0,0.31,19.22,False
2011-03-12,36.0,0.31,11.16,False
2011-03-13,41.0,0.31,12.709999999999999,False
2011-03-14,77.0,0.31,23.87,False
2011-03-15,68.0,0.31,21.08,False
2011-03-16,78.0,0.31,24.18,False
2011-03-17,76.0,0.31,23.56,False
2011-03-18,49.0,0.31,15.19,False
2011-03-19,22.0,0.31,6.82,False
2011-03-20,37.0,0.31,11.47,False
2011-03-21,75.0,0.31,23.25,False
2011-03-22,71.0,0.31,22.01,False
2011-03-23,75.0,0.31,23.25,False
2011-03-24,79.0,0.31,24.49,False
2011-03-25,64.0,0.31,19.84,False
2011-03-26,22.0,0.31,6.82,False
2011-03-27,34.0,0.31,10.54,False
2011-03-28,80.0,0.31,24.8,False
2011-03-29,88.0,0.31,27.28,False
2011-03-30,85.0,0.31,26.35,False
2011-03-31,62.0,0.31,19.22,False
2011-04-01,75.0,0.3,22.5,False
2011-04-02,38.0,0.3,11.4,False
2011-04-03,45.0,0.3,13.5,False
2011-04-04,100.0,0.3,30.0,False
2011-04-05,88.0,0.3,26.4,False
2011-04-06,78.0,0.3,23.4,False
2011-04-07,84.0,0.3,25.2,False
2011-04-08,66.0,0.3,19.8,False
2011-04-09,32.0,0.3,9.6,False
2011-04-10,38.0,0.3,11.4,False
2011-04-11,84.0,0.3,25.2,False
2011-04-12,84.0,0.3,25.2,False
2011-04-13,68.0,0.3,20.4,False
2011-04-14,65.0,0.3,19.5,False
2011-04-15,64.0,0.3,19.2,False
2011-04-16,20.0,0.3,6.0,False
2011-04-17,30.0,0.3,9.0,False
2011-04-18,68.0,0.3,20.4,False
2011-04-19,61.0,0.3,18.3,False
2011-04-20,63.0,0.3,18.9,False
2011-04-21,22.0,0.3,6.6,False
2011-04-22,21.0,0.3,6.3,False
2011-04-23,22.0,0.3,6.6,False
2011-04-24,36.0,0.3,10.799999999999999,False
2011-04-25,74.0,0.3,22.2,False
2011-04-26,78.0,0.3,23.4,False
2011-04-27,71.0,0.3,21.3,False
2011-04-28,59.0,0.3,17.7,False
2011-04-29,64.0,0.3,19.2,False
2011-04-30,48.0,0.3,14.399999999999999,False
2011-05-01,43.0,0.33,14.190000000000001,False
2011-05-02,61.0,0.33,20.130000000000003,False
2011-05-03,95.0,0.33,31.35,False
2011-05-04,95.0,0.33,31.35,False
2011-05-05,83.0,0.33,27.39,False
2011-05-06,75.0,0.33,24.75,False
2011-05-07,43.0,0.33,14.190000000000001,False
2011-05-08,52.0,0.33,17.16,False
2011-05-09,85.0,0.33,28.05,False
2011-05-10,95.0,0.33,31.35,False
2011-05-11,88.0,0.33,29.040000000000003,False
2011-05-12,83.0,0.33,27.39,False
2011-05-13,61.0,0.33,20.130000000000003,False
2011-05-14,35.0,0.33,11.55,False
2011-05-15,51.0,0.33,16.830000000000002,False
2011-05-16,89.0,0.33,29.37,False
2011-05-17,89.0,0.33,29.37,False
2011-05-18,78.0,0.33,25.740000000000002,False
2011-05-19,68.0,0.33,22.44,False
2011-05-20,53.0,0.33,17.490000000000002,False
2011-05-21,34.0,0.33,11.22,False
2011-05-22,41.0,0.33,13.530000000000001,False
2011-05-23,89.0,0.33,29.37,False
2011-05-24,73.0,0.33,24.09,False
2011-05-25,94.0,0.33,31.020000000000003,False
2011-05-26,100.0,0.33,33.0,False
2011-05-27,68.0,0.33,22.44,False
2011-05-28,46.0,0.33,15.180000000000001,False
2011-05-29,45.0,0.33,14.850000000000001,False
2011-05-30,79.0,0.33,26.07,False
2011-05-31,96.0,0.33,31.68,False
2011-06-01,82.0,0.33,27.060000000000002,False
2011-06-02,85.0,0.33,28.05,False
2011-06-03,83.0,0.33,27.39,False
2011-06-04,33.0,0.33,10.89,False
2011-06-05,51.0,0.33,16.830000000000002,False
2011-06-06,100.0,0.33,33.0,False
2011-06-07,88.0,0.33,29.040000000000003,False
2011-06-08,71.0,0.33,23.43,False
2011-06-09,83.0,0.33,27.39,False
2011-06-10,81.0,0.33,26.73,False
2011-06-11,46.0,0.33,15.180000000000001,False
2011-06-12,55.0,0.33,18.150000000000002,False
2011-06-13,76.0,0.33,25.080000000000002,False
2011-06-14,87.0,0.33,28.71,False
2011-06-15,76.0,0.33,25.080000000000002,False
2011-06-16,74.0,0.33,24.42,False
2011-06-17,69.0,0.33,22.77,False
2011-06-18,39.0,0.33,12.870000000000001,False
2011-06-19,50.0,0.33,16.5,False
2011-06-20,82.0,0.33,27.060000000000002,False
2011-06-21,70.0,0.33,23.1,False
2011-06-22,68.0,0.33,22.44,False
2011-06-23,59.0,0.33,19.470000000000002,False
2011-06-24,59.0,0.33,19.470000000000002,False
2011-06-25,29.0,0.33,9.57,False
2011-06-26,33.0,0.33,10.89,False
2011-06-27,78.0,0.33,25.740000000000002,False
2011-06-28,76.0,0.33,25.080000000000002,False
2011-06-29,78.0,0.33,25.740000000000002,False
2011-06-30,75.0,0.33,24.75,False
2011-07-01,82.0,0.31,25.419999999999998,False
2011-07-02,28.0,0.31,8.68,False
2011-07-03,45.0,0.31,13.95,False
2011-07-04,80.0,0.31,24.8,False
2011-07-05,78.0,0.31,24.18,False
2011-07-06,85.0,0.31,26.35,False
2011-07-07,69.0,0.31,21.39,False
2011-07-08,63.0,0.31,19.53,False
2011-07-09,34.0,0.31,10.54,False
2011-07-10,54.0,0.31,16.74,False
2011-07-11,100.0,0.31,31.0,False
2011-07-12,76.0,0.31,23.56,False
2011-07-13,68.0,0.31,21.08,False
2011-07-14,88.0,0.31,27.28,False
2011-07-15,57.0,0.31,17.669999999999998,False
2011-07-16,32.0,0.31,9.92,False
2011-07-17,39.0,0.31,12.09,False
2011-07-18,74.0,0.31,22.94,False
2011-07-19,69.0,0.31,21.39,False
2011-07-20,72.0,0.31,22.32,False
2011-07-21,63.0,0.31,19.53,False
2011-07-22,55.0,0.31,17.05,False
2011-07-23,26.0,0.31,8.06,False
2011-07-24,21.0,0.31,6.51,False
2011-07-25,67.0,0.31,20.77,False
2011-07-26,86.0,0.31,26.66,False
2011-07-27,91.0,0.31,28.21,False
2011-07-28,69.0,0.31,21.39,False
2011-07-29,64.0,0.31,19.84,False
2011-07-30,29.0,0.31,8.99,False
2011-07-31,42.0,0.31,13.02,False
2011-08-01,100.0,0.29,28.999999999999996,False
2011-08-02,86.0,0.29,24.939999999999998,False
2011-08-03,77.0,0.29,22.33,False
2011-08-04,57.0,0.29,16.529999999999998,False
2011-08-05,63.0,0.29,18.27,False
2011-08-06,22.0,0.29,6.38,False
2011-08-07,40.0,0.29,11.6,False
2011-08-08,62.0,0.29,17.98,False
2011-08-09,73.0,0.29,21.169999999999998,False
2011-08-10,89.0,0.29,25.81,False
2011-08-11,63.0,0.29,18.27,False
2011-08-12,48.0,0.29,13.919999999999998,False
2011-08-13,30.0,0.29,8.7,False
2011-08-14,26.0,0.29,7.539999999999999,False
2011-08-15,53.0,0.29,15.37,False
2011-08-16,65.0,0.29,18.849999999999998,False
2011-08-17,71.0,0.29,20.59,False
2011-08-18,47.0,0.29,13.629999999999999,False
2011-08-19,43.0,0.29,12.469999999999999,False
2011-08-20,28.0,0.29,8.12,False
2011-08-21,38.0,0.29,11.02,False
2011-08-22,67.0,0.29,19.43,False
2011-08-23,72.0,0.29,20.88,False
2011-08-24,75.0,0.29,21.75,False
2011-08-25,76.0,0.29,22.04,False
2011-08-26,59.0,0.29,17.11,False
2011-08-27,30.0,0.29,8.7,False
2011-08-28,34.0,0.29,9.86,False
2011-08-29,72.0,0.29,20.88,False
2011-08-30,78.0,0.29,22.619999999999997,False
2011-08-31,80.0,0.29,23.2,False
2011-09-01,94.0,0.34,31.96,False
2011-09-02,70.0,0.34,23.8,False
2011-09-03,31.0,0.34,10.540000000000001,False
2011-09-04,38.0,0.34,12.920000000000002,False
2011-09-05,97.0,0.34,32.980000000000004,False
2011-09-06,83.0,0.34,28.220000000000002,False
2011-09-07,83.0,0.34,28.220000000000002,False
2011-09-08,72.0,0.34,24.48,False
2011-09-09,67.0,0.34,22.78,False
2011-09-10,68.0,0.34,23.12,False
2011-09-11,46.0,0.34,15.64,False
2011-09-12,98.0,0.34,33.32,False
2011-09-13,94.0,0.34,31.96,False
2011-09-14,87.0,0.34,29.580000000000002,False
2011-09-15,66.0,0.34,22.44,False
2011-09-16,71.0,0.34,24.14,False
2011-09-17,32.0,0.34,10.88,False
2011-09-18,47.0,0.34,15.98,False
2011-09-19,90.0,0.34,30.6,False
2011-09-20,92.0,0.34,31.28,False
2011-09-21,74.0,0.34,25.16,False
2011-09-22,82.0,0.34,27.880000000000003,False
2011-09-23,61.0,0.34,20.740000000000002,False
2011-09-24,32.0,0.34,10.88,False
2011-09-25,42.0,0.34,14.280000000000001,False
2011-09-26,95.0,0.34,32.300000000000004,False
2011-09-27,100.0,0.34,34.0,False
2011-09-28,84.0,0.34,28.560000000000002,False
2011-09-29,95.0,0.34,32.300000000000004,False
2011-09-30,85.0,0.34,28.900000000000002,False
2011-10-01,31.0,0.35,10.85,False
2011-10-02,35.0,0.35,12.25,False
2011-10-03,89.0,0.35,31.15,False
2011-10-04,100.0,0.35,35.0,False
2011-10-05,91.0,0.35,31.849999999999998,False
2011-10-06,84.0,0.35,29.4,False
2011-10-07,68.0,0.35,23.799999999999997,False
2011-10-08,39.0,0.35,13.649999999999999,False
2011-10-09,46.0,0.35,16.099999999999998,False
2011-10-10,100.0,0.35,35.0,False
2011-10-11,69.0,0.35,24.15,False
2011-10-12,38.0,0.35,13.299999999999999,False
2011-10-13,66.0,0.35,23.099999999999998,False
2011-10-14,63.0,0.35,22.049999999999997,False
2011-10-15,24.0,0.35,8.399999999999999,False
2011-10-16,34.0,0.35,11.899999999999999,False
2011-10-17,64.0,0.35,22.4,False
2011-10-18,80.0,0.35,28.0,False
2011-10-19,68.0,0.35,23.799999999999997,False
2011-10-20,71.0,0.35,24.849999999999998,False
2011-10-21,55.0,0.35,19.25,False
2011-10-22,31.0,0.35,10.85,False
2011-10-23,30.0,0.35,10.5,False
2011-10-24,66.0,0.35,23.099999999999998,False
2011-10-25,71.0,0.35,24.849999999999998,False
2011-10-26,67.0,0.35,23.45,False
2011-10-27,64.0,0.35,22.4,False
2011-10-28,62.0,0.35,21.7,False
2011-10-29,35.0,0.35,12.25,False
2011-10-30,40.0,0.35,14.0,False
2011-10-31,55.0,0.35,19.25,False
2011-11-01,46.0,0.37,17.02,False
2011-11-02,87.0,0.37,32.19,False
2011-11-03,88.0,0.37,32.56,False
2011-11-04,75.0,0.37,27.75,False
2011-11-05,36.0,0.37,13.32,False
2011-11-06,43.0,0.37,15.91,False
2011-11-07,97.0,0.37,35.89,False
2011-11-08,98.0,0.37,36.26,False
2011-11-09,98.0,0.37,36.26,False
2011-11-10,100.0,0.37,37.0,False
2011-11-11,69.0,0.37,25.53,False
2011-11-12,47.0,0.37,17.39,False
2011-11-13,42.0,0.37,15.54,False
2011-11-14,87.0,0.37,32.19,False
2011-11-15,93.0,0.37,34.41,False
2011-11-16,92.0,0.37,34.04,False
2011-11-17,76.0,0.37,28.12,False
2011-11-18,76.0,0.37,28.12,False
2011-11-19,43.0,0.37,15.91,False
2011-11-20,51.0,0.37,18.87,False
2011-11-21,94.0,0.37,34.78,False
2011-11-22,92.0,0.37,34.04,False
2011-11-23,84.0,0.37,31.08,False
2011-11-24,92.0,0.37,34.04,False
2011-11-25,75.0,0.37,27.75,False
2011-11-26,31.0,0.37,11.47,False
2011-11-27,45.0,0.37,16.65,False
2011-11-28,89.0,0.37,32.93,False
2011-11-29,88.0,0.37,32.56,False
2011-11-30,93.0,0.37,34.41,False
2011-12-01,82.0,0.33,27.060000000000002,False
2011-12-02,75.0,0.33,24.75,False
2011-12-03,37.0,0.33,12.21,False
2011-12-04,35.0,0.33,11.55,False
2011-12-05,75.0,0.33,24.75,False
2011-12-06,51.0,0.33,16.830000000000002,False
2011-12-07,63.0,0.33,20.790000000000003,False
2011-12-08,39.0,0.33,12.870000000000001,False
2011-12-09,67.0,0.33,22.11,False
2011-12-10,34.0,0.33,11.22,False
2011-12-11,50.0,0.33,16.5,False
2011-12-12,100.0,0.33,33.0,False
2011-12-13,81.0,0.33,26.73,False
2011-12-14,82.0,0.33,27.060000000000002,False
2011-12-15,78.0,0.33,25.740000000000002,False
2011-12-16,60.0,0.33,19.8,False
2011-12-17,35.0,0.33,11.55,False
2011-12-18,39.0,0.33,12.870000000000001,False
2011-12-19,85.0,0.33,28.05,False
2011-12-20,78.0,0.33,25.740000000000002,False
2011-12-21,73.0,0.33,24.09,False
2011-12-22,60.0,0.33,19.8,False
2011-12-23,47.0,0.33,15.510000000000002,False
2011-12-24,13.0,0.33,4.29,False
2011-12-25,24.0,0.33,7.92,False
2011-12-26,57.0,0.33,18.810000000000002,False
2011-12-27,74.0,0.33,24.42,False
2011-12-28,61.0,0.33,20.130000000000003,False
2011-12-29,73.0,0.33,24.09,False
2011-12-30,68.0,0.33,22.44,False
2011-12-31,32.0,0.33,10.56,False
2012-01-01,37.0,0.43,15.91,False
2012-01-02,67.0,0.43,28.81,False
2012-01-03,82.0,0.43,35.26,False
2012-01-04,69.0,0.43,29.669999999999998,False
2012-01-05,54.0,0.43,23.22,False
2012-01-06,31.0,0.43,13.33,False
2012-01-07,32.0,0.43,13.76,False
2012-01-08,40.0,0.43,17.2,False
2012-01-09,100.0,0.43,43.0,False
2012-01-10,94.0,0.43,40.42,False
2012-01-11,86.0,0.43,36.98,False
2012-01-12,67.0,0.43,28.81,False
2012-01-13,69.0,0.43,29.669999999999998,False
2012-01-14,35.0,0.43,15.049999999999999,False
2012-01-15,34.0,0.43,14.62,False
2012-01-16,75.0,0.43,32.25,False
2012-01-17,77.0,0.43,33.11,False
2012-01-18,66.0,0.43,28.38,False
2012-01-19,71.0,0.43,30.53,False
2012-01-20,61.0,0.43,26.23,False
2012-01-21,26.0,0.43,11.18,False
2012-01-22,31.0,0.43,13.33,False
2012-01-23,78.0,0.43,33.54,False
2012-01-24,77.0,0.43,33.11,False
2012-01-25,71.0,0.43,30.53,False
2012-01-26,59.0,0.43,25.37,False
2012-01-27,61.0,0.43,26.23,False
2012-01-28,38.0,0.43,16.34,False
2012-01-29,34.0,0.43,14.62,False
2012-01-30,77.0,0.43,33.11,False
2012-01-31,82.0,0.43,35.26,False
2012-02-01,72.0,0.42,30.24,False
2012-02-02,82.0,0.42,34.44,False
2012-02-03,50.0,0.42,21.0,False
2012-02-04,28.0,0.42,11.76,False
2012-02-05,38.0,0.42,15.959999999999999,False
2012-02-06,77.0,0.42,32.339999999999996,False
2012-02-07,72.0,0.42,30.24,False
2012-02-08,67.0,0.42,28.14,False
2012-02-09,70.0,0.42,29.4,False
2012-02-10,100.0,0.42,42.0,False
2012-02-11,43.0,0.42,18.06,False
2012-02-12,42.0,0.42,17.64,False
2012-02-13,90.0,0.42,37.8,False
2012-02-14,72.0,0.42,30.24,False
2012-02-15,75.0,0.42,31.5,False
2012-02-16,72.0,0.42,30.24,False
2012-02-17,56.0,0.42,23.52,False
2012-02-18,37.0,0.42,15.54,False
2012-02-19,36.0,0.42,15.12,False
2012-02-20,73.0,0.42,30.66,False
2012-02-21,72.0,0.42,30.24,False
2012-02-22,74.0,0.42,31.08,False
2012-02-23,72.0,0.42,30.24,False
2012-02-24,58.0,0.42,24.36,False
2012-02-25,32.0,0.42,13.44,False
2012-02-26,26.0,0.42,10.92,False
2012-02-27,67.0,0.42,28.14,False
2012-02-28,72.0,0.42,30.24,False
2012-02-29,69.0,0.42,28.98,False
2012-03-01,95.0,0.4,38.0,False
2012-03-02,96.0,0.4,38.400000000000006,False
2012-03-03,57.0,0.4,22.8,False
2012-03-04,51.0,0.4,20.400000000000002,False
2012-03-05,87.0,0.4,34.800000000000004,False
2012-03-06,81.0,0.4,32.4,False
2012-03-07,78.0,0.4,31.200000000000003,False
2012-03-08,100.0,0.4,40.0,False
2012-03-09,75.0,0.4,30.0,False
2012-03-10,67.0,0.4,26.8,False
2012-03-11,54.0,0.4,21.6,False
2012-03-12,98.0,0.4,39.2,False
2012-03-13,91.0,0.4,36.4,False
2012-03-14,85.0,0.4,34.0,False
2012-03-15,79.0,0.4,31.6,False
2012-03-16,71.0,0.4,28.400000000000002,False
2012-03-17,37.0,0.4,14.8,False
2012-03-18,47.0,0.4,18.8,False
2012-03-19,74.0,0.4,29.6,False
2012-03-20,85.0,0.4,34.0,False
2012-03-21,71.0,0.4,28.400000000000002,False
2012-03-22,93.0,0.4,37.2,False
2012-03-23,61.0,0.4,24.400000000000002,False
2012-03-24,32.0,0.4,12.8,False
2012-03-25,39.0,0.4,15.600000000000001,False
2012-03-26,75.0,0.4,30.0,False
2012-03-27,69.0,0.4,27.6,False
2012-03-28,55.0,0.4,22.0,False
2012-03-29,60.0,0.4,24.0,False
2012-03-30,70.0,0.4,28.0,False
2012-03-31,38.0,0.4,15.200000000000001,False
2012-04-01,48.0,0.36,17.28,False
2012-04-02,70.0,0.36,25.2,False
2012-04-03,91.0,0.36,32.76,False
2012-04-04,67.0,0.36,24.119999999999997,False
2012-04-05,38.0,0.36,13.68,False
2012-04-06,33.0,0.36,11.879999999999999,False
2012-04-07,29.0,0.36,10.44,False
2012-04-08,36.0,0.36,12.959999999999999,False
2012-04-09,89.0,0.36,32.04,False
2012-04-10,100.0,0.36,36.0,False
2012-04-11,87.0,0.36,31.32,False
2012-04-12,78.0,0.36,28.08,False
2012-04-13,66.0,0.36,23.759999999999998,False
2012-04-14,31.0,0.36,11.16,False
2012-04-15,44.0,0.36,15.84,False
2012-04-16,83.0,0.36,29.88,False
2012-04-17,80.0,0.36,28.799999999999997,False
2012-04-18,82.0,0.36,29.52,False
2012-04-19,72.0,0.36,25.919999999999998,False
2012-04-20,65.0,0.36,23.4,False
2012-04-21,26.0,0.36,9.36,False
2012-04-22,41.0,0.36,14.76,False
2012-04-23,86.0,0.36,30.959999999999997,False
2012-04-24,90.0,0.36,32.4,False
2012-04-25,82.0,0.36,29.52,False
2012-04-26,78.0,0.36,28.08,False
2012-04-27,70.0,0.36,25.2,False
2012-04-28,28.0,0.36,10.08,False
2012-04-29,32.0,0.36,11.52,False
2012-04-30,70.0,0.36,25.2,False
2012-05-01,63.0,0.41,25.83,False
2012-05-02,83.0,0.41,34.03,False
2012-05-03,85.0,0.41,34.85,False
2012-05-04,84.0,0.41,34.44,False
2012-05-05,42.0,0.41,17.22,False
2012-05-06,48.0,0.41,19.68,False
2012-05-07,89.0,0.41,36.489999999999995,False
2012-05-08,88.0,0.41,36.08,False
2012-05-09,86.0,0.41,35.26,False
2012-05-10,100.0,0.41,41.0,False
2012-05-11,73.0,0.41,29.93,False
2012-05-12,40.0,0.41,16.4,False
2012-05-13,43.0,0.41,17.63,False
2012-05-14,79.0,0.41,32.39,False
2012-05-15,82.0,0.41,33.62,False
2012-05-16,83.0,0.41,34.03,False
2012-05-17,77.0,0.41,31.569999999999997,False
2012-05-18,80.0,0.41,32.8,False
2012-05-19,29.0,0.41,11.889999999999999,False
2012-05-20,46.0,0.41,18.86,False
2012-05-21,83.0,0.41,34.03,False
2012-05-22,82.0,0.41,33.62,False
2012-05-23,78.0,0.41,31.979999999999997,False
2012-05-24,69.0,0.41,28.29,False
2012-05-25,65.0,0.41,26.65,False
2012-05-26,34.0,0.41,13.94,False
2012-05-27,45.0,0.41,18.45,False
2012-05-28,83.0,0.41,34.03,False
2012-05-29,97.0,0.41,39.769999999999996,False
2012-05-30,80.0,0.41,32.8,False
2012-05-31,79.0,0.41,32.39,False
2012-06-01,68.0,0.4,27.200000000000003,False
2012-06-02,29.0,0.4,11.600000000000001,False
2012-06-03,57.0,0.4,22.8,False
2012-06-04,81.0,0.4,32.4,False
2012-06-05,95.0,0.4,38.0,False
2012-06-06,78.0,0.4,31.200000000000003,False
2012-06-07,83.0,0.4,33.2,False
2012-06-08,70.0,0.4,28.0,False
2012-06-09,32.0,0.4,12.8,False
2012-06-10,60.0,0.4,24.0,False
2012-06-11,100.0,0.4,40.0,False
2012-06-12,93.0,0.4,37.2,False
2012-06-13,88.0,0.4,35.2,False
2012-06-14,77.0,0.4,30.8,False
2012-06-15,57.0,0.4,22.8,False
2012-06-16,32.0,0.4,12.8,False
2012-06-17,43.0,0.4,17.2,False
2012-06-18,72.0,0.4,28.8,False
2012-06-19,85.0,0.4,34.0,False
2012-06-20,76.0,0.4,30.400000000000002,False
2012-06-21,70.0,0.4,28.0,False
2012-06-22,55.0,0.4,22.0,False
2012-06-23,34.0,0.4,13.600000000000001,False
2012-06-24,34.0,0.4,13.600000000000001,False
2012-06-25,64.0,0.4,25.6,False
2012-06-26,73.0,0.4,29.200000000000003,False
2012-06-27,80.0,0.4,32.0,False
2012-06-28,68.0,0.4,27.200000000000003,False
2012-06-29,75.0,0.4,30.0,False
2012-06-30,27.0,0.4,10.8,False
2012-07-01,14.0,0.64,8.96,False
2012-07-02,36.0,0.64,23.04,False
2012-07-03,38.0,0.64,24.32,False
2012-07-04,36.0,0.64,23.04,False
2012-07-05,49.0,0.64,31.36,False
2012-07-06,43.0,0.64,27.52,False
2012-07-07,19.0,0.64,12.16,False
2012-07-08,23.0,0.64,14.72,False
2012-07-09,42.0,0.64,26.88,False
2012-07-10,52.0,0.64,33.28,False
2012-07-11,100.0,0.64,64.0,False
2012-07-12,56.0,0.64,35.84,False
2012-07-13,48.0,0.64,30.72,False
2012-07-14,52.0,0.64,33.28,False
2012-07-15,55.0,0.64,35.2,False
2012-07-16,56.0,0.64,35.84,False
2012-07-17,54.0,0.64,34.56,False
2012-07-18,42.0,0.64,26.88,False
2012-07-19,46.0,0.64,29.44,False
2012-07-20,39.0,0.64,24.96,False
2012-07-21,23.0,0.64,14.72,False
2012-07-22,19.0,0.64,12.16,False
2012-07-23,40.0,0.64,25.6,False
2012-07-24,38.0,0.64,24.32,False
2012-07-25,37.0,0.64,23.68,False
2012-07-26,40.0,0.64,25.6,False
2012-07-27,35.0,0.64,22.400000000000002,False
2012-07-28,19.0,0.64,12.16,False
2012-07-29,21.0,0.64,13.44,False
2012-07-30,42.0,0.64,26.88,False
2012-07-31,37.0,0.64,23.68,False
2012-08-01,93.0,0.41,38.129999999999995,False
2012-08-02,99.0,0.41,40.589999999999996,False
2012-08-03,100.0,0.41,41.0,False
2012-08-04,47.0,0.41,19.27,False
2012-08-05,55.0,0.41,22.549999999999997,False
2012-08-06,87.0,0.41,35.669999999999995,False
2012-08-07,84.0,0.41,34.44,False
2012-08-08,98.0,0.41,40.18,False
2012-08-09,86.0,0.41,35.26,False
2012-08-10,100.0,0.41,41.0,False
2012-08-11,47.0,0.41,19.27,False
2012-08-12,46.0,0.41,18.86,False
2012-08-13,85.0,0.41,34.85,False
2012-08-14,84.0,0.41,34.44,False
2012-08-15,59.0,0.41,24.189999999999998,False
2012-08-16,88.0,0.41,36.08,False
2012-08-17,78.0,0.41,31.979999999999997,False
2012-08-18,30.0,0.41,12.299999999999999,False
2012-08-19,37.0,0.41,15.17,False
2012-08-20,75.0,0.41,30.749999999999996,False
2012-08-21,90.0,0.41,36.9,False
2012-08-22,81.0,0.41,33.21,False
2012-08-23,56.0,0.41,22.959999999999997,False
2012-08-24,66.0,0.41,27.06,False
2012-08-25,54.0,0.41,22.139999999999997,False
2012-08-26,54.0,0.41,22.139999999999997,False
2012-08-27,75.0,0.41,30.749999999999996,False
2012-08-28,77.0,0.41,31.569999999999997,False
2012-08-29,78.0,0.41,31.979999999999997,False
2012-08-30,75.0,0.41,30.749999999999996,False
2012-08-31,61.0,0.41,25.009999999999998,False
2012-09-01,33.0,0.42,13.86,False
2012-09-02,47.0,0.42,19.74,False
2012-09-03,84.0,0.42,35.28,False
2012-09-04,100.0,0.42,42.0,False
2012-09-05,82.0,0.42,34.44,False
2012-09-06,75.0,0.42,31.5,False
2012-09-07,66.0,0.42,27.72,False
2012-09-08,27.0,0.42,11.34,False
2012-09-09,50.0,0.42,21.0,False
2012-09-10,99.0,0.42,41.58,False
2012-09-11,84.0,0.42,35.28,False
2012-09-12,89.0,0.42,37.379999999999995,False
2012-09-13,85.0,0.42,35.699999999999996,False
2012-09-14,66.0,0.42,27.72,False
2012-09-15,25.0,0.42,10.5,False
2012-09-16,31.0,0.42,13.02,False
2012-09-17,80.0,0.42,33.6,False
2012-09-18,72.0,0.42,30.24,False
2012-09-19,77.0,0.42,32.339999999999996,False
2012-09-20,73.0,0.42,30.66,False
2012-09-21,63.0,0.42,26.459999999999997,False
2012-09-22,23.0,0.42,9.66,False
2012-09-23,38.0,0.42,15.959999999999999,False
2012-09-24,79.0,0.42,33.18,False
2012-09-25,71.0,0.42,29.82,False
2012-09-26,71.0,0.42,29.82,False
2012-09-27,66.0,0.42,27.72,False
2012-09-28,59.0,0.42,24.779999999999998,False
2012-09-29,36.0,0.42,15.12,False
2012-09-30,52.0,0.42,21.84,False
2012-10-01,95.0,0.42,39.9,False
2012-10-02,100.0,0.42,42.0,False
2012-10-03,92.0,0.42,38.64,False
2012-10-04,85.0,0.42,35.699999999999996,False
2012-10-05,71.0,0.42,29.82,False
2012-10-06,30.0,0.42,12.6,False
2012-10-07,37.0,0.42,15.54,False
2012-10-08,75.0,0.42,31.5,False
2012-10-09,80.0,0.42,33.6,False
2012-10-10,100.0,0.42,42.0,False
2012-10-11,63.0,0.42,26.459999999999997,False
2012-10-12,35.0,0.42,14.7,False
2012-10-13,31.0,0.42,13.02,False
2012-10-14,35.0,0.42,14.7,False
2012-10-15,87.0,0.42,36.54,False
2012-10-16,81.0,0.42,34.019999999999996,False
2012-10-17,97.0,0.42,40.74,False
2012-10-18,79.0,0.42,33.18,False
2012-10-19,64.0,0.42,26.88,False
2012-10-20,32.0,0.42,13.44,False
2012-10-21,38.0,0.42,15.959999999999999,False
2012-10-22,81.0,0.42,34.019999999999996,False
2012-10-23,86.0,0.42,36.12,False
2012-10-24,81.0,0.42,34.019999999999996,False
2012-10-25,72.0,0.42,30.24,False
2012-10-26,65.0,0.42,27.3,False
2012-10-27,34.0,0.42,14.28,False
2012-10-28,38.0,0.42,15.959999999999999,False
2012-10-29,77.0,0.42,32.339999999999996,False
2012-10-30,80.0,0.42,33.6,False
2012-10-31,78.0,0.42,32.76,False
2012-11-01,47.0,0.4,18.8,False
2012-11-02,59.0,0.4,23.6,False
2012-11-03,33.0,0.4,13.200000000000001,False
2012-11-04,39.0,0.4,15.600000000000001,False
2012-11-05,100.0,0.4,40.0,False
2012-11-06,86.0,0.4,34.4,False
2012-11-07,90.0,0.4,36.0,False
2012-11-08,80.0,0.4,32.0,False
2012-11-09,64.0,0.4,25.6,False
2012-11-10,64.0,0.4,25.6,False
2012-11-11,53.0,0.4,21.200000000000003,False
2012-11-12,98.0,0.4,39.2,False
2012-11-13,84.0,0.4,33.6,False
2012-11-14,65.0,0.4,26.0,False
2012-11-15,71.0,0.4,28.400000000000002,False
2012-11-16,68.0,0.4,27.200000000000003,False
2012-11-17,34.0,0.4,13.600000000000001,False
2012-11-18,36.0,0.4,14.4,False
2012-11-19,77.0,0.4,30.8,False
2012-11-20,86.0,0.4,34.4,False
2012-11-21,77.0,0.4,30.8,False
2012-11-22,71.0,0.4,28.400000000000002,False
2012-11-23,56.0,0.4,22.400000000000002,False
2012-11-24,31.0,0.4,12.4,False
2012-11-25,34.0,0.4,13.600000000000001,False
2012-11-26,72.0,0.4,28.8,False
2012-11-27,73.0,0.4,29.200000000000003,False
2012-11-28,73.0,0.4,29.200000000000003,False
2012-11-29,84.0,0.4,33.6,False
2012-11-30,66.0,0.4,26.400000000000002,False
2012-12-01,28.0,0.33,9.24,False
2012-12-02,45.0,0.33,14.850000000000001,False
2012-12-03,94.0,0.33,31.020000000000003,False
2012-12-04,89.0,0.33,29.37,False
2012-12-05,84.0,0.33,27.720000000000002,False
2012-12-06,40.0,0.33,13.200000000000001,False
2012-12-07,52.0,0.33,17.16,False
2012-12-08,32.0,0.33,10.56,False
2012-12-09,44.0,0.33,14.520000000000001,False
2012-12-10,100.0,0.33,33.0,False
2012-12-11,93.0,0.33,30.69,False
2012-12-12,85.0,0.33,28.05,False
2012-12-13,74.0,0.33,24.42,False
2012-12-14,63.0,0.33,20.790000000000003,False
2012-12-15,39.0,0.33,12.870000000000001,False
2012-12-16,39.0,0.33,12.870000000000001,False
2012-12-17,71.0,0.33,23.43,False
2012-12-18,72.0,0.33,23.76,False
2012-12-19,73.0,0.33,24.09,False
2012-12-20,56.0,0.33,18.48,False
2012-12-21,58.0,0.33,19.14,False
2012-12-22,26.0,0.33,8.58,False
2012-12-23,30.0,0.33,9.9,False
2012-12-24,32.0,0.33,10.56,False
2012-12-25,26.0,0.33,8.58,False
2012-12-26,72.0,0.33,23.76,False
2012-12-27,80.0,0.33,26.400000000000002,False
2012-12-28,51.0,0.33,16.830000000000002,False
2012-12-29,38.0,0.33,12.540000000000001,False
2012-12-30,33.0,0.33,10.89,False
2012-12-31,39.0,0.33,12.870000000000001,False
2013-01-01,40.0,0.47,18.799999999999997,False
2013-01-02,81.0,0.47,38.07,False
2013-01-03,92.0,0.47,43.239999999999995,False
2013-01-04,81.0,0.47,38.07,False
2013-01-05,32.0,0.47,15.04,False
2013-01-06,25.0,0.47,11.75,False
2013-01-07,74.0,0.47,34.78,False
2013-01-08,92.0,0.47,43.239999999999995,False
2013-01-09,100.0,0.47,47.0,False
2013-01-10,89.0,0.47,41.83,False
2013-01-11,81.0,0.47,38.07,False
2013-01-12,32.0,0.47,15.04,False
2013-01-13,45.0,0.47,21.15,False
2013-01-14,85.0,0.47,39.949999999999996,False
2013-01-15,95.0,0.47,44.65,False
2013-01-16,84.0,0.47,39.48,False
2013-01-17,84.0,0.47,39.48,False
2013-01-18,57.0,0.47,26.79,False
2013-01-19,38.0,0.47,17.86,False
2013-01-20,39.0,0.47,18.33,False
2013-01-21,81.0,0.47,38.07,False
2013-01-22,85.0,0.47,39.949999999999996,False
2013-01-23,64.0,0.47,30.08,False
2013-01-24,90.0,0.47,42.3,False
2013-01-25,98.0,0.47,46.059999999999995,False
2013-01-26,53.0,0.47,24.91,False
2013-01-27,46.0,0.47,21.619999999999997,False
2013-01-28,93.0,0.47,43.71,False
2013-01-29,81.0,0.47,38.07,False
2013-01-30,88.0,0.47,41.36,False
2013-01-31,78.0,0.47,36.66,False
2013-02-01,65.0,0.42,27.3,False
2013-02-02,46.0,0.42,19.32,False
2013-02-03,43.0,0.42,18.06,False
2013-02-04,100.0,0.42,42.0,False
2013-02-05,90.0,0.42,37.8,False
2013-02-06,96.0,0.42,40.32,False
2013-02-07,79.0,0.42,33.18,False
2013-02-08,66.0,0.42,27.72,False
2013-02-09,35.0,0.42,14.7,False
2013-02-10,50.0,0.42,21.0,False
2013-02-11,100.0,0.42,42.0,False
2013-02-12,95.0,0.42,39.9,False
2013-02-13,80.0,0.42,33.6,False
2013-02-14,92.0,0.42,38.64,False
2013-02-15,76.0,0.42,31.919999999999998,False
2013-02-16,40.0,0.42,16.8,False
2013-02-17,50.0,0.42,21.0,False
2013-02-18,88.0,0.42,36.96,False
2013-02-19,80.0,0.42,33.6,False
2013-02-20,82.0,0.42,34.44,False
2013-02-21,68.0,0.42,28.56,False
2013-02-22,52.0,0.42,21.84,False
2013-02-23,29.0,0.42,12.18,False
2013-02-24,38.0,0.42,15.959999999999999,False
2013-02-25,79.0,0.42,33.18,False
2013-02-26,73.0,0.42,30.66,False
2013-02-27,85.0,0.42,35.699999999999996,False
2013-02-28,66.0,0.42,27.72,False
2013-03-01,69.0,0.4,27.6,False
2013-03-02,38.0,0.4,15.200000000000001,False
2013-03-03,47.0,0.4,18.8,False
2013-03-04,90.0,0.4,36.0,False
2013-03-05,91.0,0.4,36.4,False
2013-03-06,82.0,0.4,32.800000000000004,False
2013-03-07,79.0,0.4,31.6,False
2013-03-08,61.0,0.4,24.400000000000002,False
2013-03-09,30.0,0.4,12.0,False
2013-03-10,48.0,0.4,19.200000000000003,False
2013-03-11,89.0,0.4,35.6,False
2013-03-12,84.0,0.4,33.6,False
2013-03-13,76.0,0.4,30.400000000000002,False
2013-03-14,67.0,0.4,26.8,False
2013-03-15,100.0,0.4,40.0,False
2013-03-16,58.0,0.4,23.200000000000003,False
2013-03-17,41.0,0.4,16.400000000000002,False
2013-03-18,89.0,0.4,35.6,False
2013-03-19,61.0,0.4,24.400000000000002,False
2013-03-20,73.0,0.4,29.200000000000003,False
2013-03-21,76.0,0.4,30.400000000000002,False
2013-03-22,62.0,0.4,24.8,False
2013-03-23,30.0,0.4,12.0,False
2013-03-24,33.0,0.4,13.200000000000001,False
2013-03-25,55.0,0.4,22.0,False
2013-03-26,59.0,0.4,23.6,False
2013-03-27,50.0,0.4,20.0,False
2013-03-28,32.0,0.4,12.8,False
2013-03-29,30.0,0.4,12.0,False
2013-03-30,26.0,0.4,10.4,False
2013-03-31,29.0,0.4,11.600000000000001,False
2013-04-01,87.0,0.4,34.800000000000004,False
2013-04-02,96.0,0.4,38.400000000000006,False
2013-04-03,94.0,0.4,37.6,False
2013-04-04,90.0,0.4,36.0,False
2013-04-05,83.0,0.4,33.2,False
2013-04-06,49.0,0.4,19.6,False
2013-04-07,47.0,0.4,18.8,False
2013-04-08,98.0,0.4,39.2,False
2013-04-09,90.0,0.4,36.0,False
2013-04-10,100.0,0.4,40.0,False
2013-04-11,99.0,0.4,39.6,False
2013-04-12,75.0,0.4,30.0,False
2013-04-13,41.0,0.4,16.400000000000002,False
2013-04-14,48.0,0.4,19.200000000000003,False
2013-04-15,89.0,0.4,35.6,False
2013-04-16,80.0,0.4,32.0,False
2013-04-17,95.0,0.4,38.0,False
2013-04-18,93.0,0.4,37.2,False
2013-04-19,67.0,0.4,26.8,False
2013-04-20,34.0,0.4,13.600000000000001,False
2013-04-21,47.0,0.4,18.8,False
2013-04-22,67.0,0.4,26.8,False
2013-04-23,77.0,0.4,30.8,False
2013-04-24,97.0,0.4,38.800000000000004,False
2013-04-25,98.0,0.4,39.2,False
2013-04-26,84.0,0.4,33.6,False
2013-04-27,45.0,0.4,18.0,False
2013-04-28,56.0,0.4,22.400000000000002,False
2013-04-29,93.0,0.4,37.2,False
2013-04-30,91.0,0.4,36.4,False
2013-05-01,62.0,0.4,24.8,False
2013-05-02,96.0,0.4,38.400000000000006,False
2013-05-03,83.0,0.4,33.2,False
2013-05-04,46.0,0.4,18.400000000000002,False
2013-05-05,51.0,0.4,20.400000000000002,False
2013-05-06,97.0,0.4,38.800000000000004,False
2013-05-07,92.0,0.4,36.800000000000004,False
2013-05-08,100.0,0.4,40.0,False
2013-05-09,86.0,0.4,34.4,False
2013-05-10,99.0,0.4,39.6,False
2013-05-11,45.0,0.4,18.0,False
2013-05-12,39.0,0.4,15.600000000000001,False
2013-05-13,100.0,0.4,40.0,False
2013-05-14,93.0,0.4,37.2,False
2013-05-15,79.0,0.4,31.6,False
2013-05-16,77.0,0.4,30.8,False
2013-05-17,77.0,0.4,30.8,False
2013-05-18,32.0,0.4,12.8,False
2013-05-19,37.0,0.4,14.8,False
2013-05-20,85.0,0.4,34.0,False
2013-05-21,94.0,0.4,37.6,False
2013-05-22,86.0,0.4,34.4,False
2013-05-23,76.0,0.4,30.400000000000002,False
2013-05-24,63.0,0.4,25.200000000000003,False
2013-05-25,35.0,0.4,14.0,False
2013-05-26,47.0,0.4,18.8,False
2013-05-27,91.0,0.4,36.4,False
2013-05-28,98.0,0.4,39.2,False
2013-05-29,80.0,0.4,32.0,False
2013-05-30,92.0,0.4,36.800000000000004,False
2013-05-31,65.0,0.4,26.0,False
2013-06-01,41.0,0.32,13.120000000000001,False
2013-06-02,43.0,0.32,13.76,False
2013-06-03,82.0,0.32,26.240000000000002,False
2013-06-04,90.0,0.32,28.8,False
2013-06-05,81.0,0.32,25.92,False
2013-06-06,64.0,0.32,20.48,False
2013-06-07,61.0,0.32,19.52,False
2013-06-08,35.0,0.32,11.200000000000001,False
2013-06-09,35.0,0.32,11.200000000000001,False
2013-06-10,100.0,0.32,32.0,False
2013-06-11,82.0,0.32,26.240000000000002,False
2013-06-12,73.0,0.32,23.36,False
2013-06-13,63.0,0.32,20.16,False
2013-06-14,59.0,0.32,18.88,False
2013-06-15,25.0,0.32,8.0,False
2013-06-16,42.0,0.32,13.44,False
2013-06-17,82.0,0.32,26.240000000000002,False
2013-06-18,71.0,0.32,22.72,False
2013-06-19,70.0,0.32,22.400000000000002,False
2013-06-20,58.0,0.32,18.56,False
2013-06-21,49.0,0.32,15.68,False
2013-06-22,29.0,0.32,9.28,False
2013-06-23,38.0,0.32,12.16,False
2013-06-24,62.0,0.32,19.84,False
2013-06-25,77.0,0.32,24.64,False
2013-06-26,73.0,0.32,23.36,False
2013-06-27,66.0,0.32,21.12,False
2013-06-28,59.0,0.32,18.88,False
2013-06-29,24.0,0.32,7.68,False
2013-06-30,48.0,0.32,15.36,False
2013-07-01,93.0,0.32,29.76,False
2013-07-02,94.0,0.32,30.080000000000002,False
2013-07-03,97.0,0.32,31.04,False
2013-07-04,81.0,0.32,25.92,False
2013-07-05,81.0,0.32,25.92,False
2013-07-06,36.0,0.32,11.52,False
2013-07-07,45.0,0.32,14.4,False
2013-07-08,93.0,0.32,29.76,False
2013-07-09,72.0,0.32,23.04,False
2013-07-10,100.0,0.32,32.0,False
2013-07-11,96.0,0.32,30.72,False
2013-07-12,67.0,0.32,21.44,False
2013-07-13,36.0,0.32,11.52,False
2013-07-14,37.0,0.32,11.84,False
2013-07-15,74.0,0.32,23.68,False
2013-07-16,83.0,0.32,26.560000000000002,False
2013-07-17,82.0,0.32,26.240000000000002,False
2013-07-18,72.0,0.32,23.04,False
2013-07-19,58.0,0.32,18.56,False
2013-07-20,22.0,0.32,7.04,False
2013-07-21,38.0,0.32,12.16,False
2013-07-22,86.0,0.32,27.52,False
2013-07-23,73.0,0.32,23.36,False
2013-07-24,75.0,0.32,24.0,False
2013-07-25,70.0,0.32,22.400000000000002,False
2013-07-26,72.0,0.32,23.04,False
2013-07-27,37.0,0.32,11.84,False
2013-07-28,33.0,0.32,10.56,False
2013-07-29,85.0,0.32,27.2,False
2013-07-30,85.0,0.32,27.2,False
2013-07-31,79.0,0.32,25.28,False
2013-08-01,100.0,0.3,30.0,False
2013-08-02,84.0,0.3,25.2,False
2013-08-03,38.0,0.3,11.4,False
2013-08-04,47.0,0.3,14.1,False
2013-08-05,88.0,0.3,26.4,False
2013-08-06,78.0,0.3,23.4,False
2013-08-07,92.0,0.3,27.599999999999998,False
2013-08-08,84.0,0.3,25.2,False
2013-08-09,86.0,0.3,25.8,False
2013-08-10,63.0,0.3,18.9,False
2013-08-11,59.0,0.3,17.7,False
2013-08-12,88.0,0.3,26.4,False
2013-08-13,78.0,0.3,23.4,False
2013-08-14,63.0,0.3,18.9,False
2013-08-15,42.0,0.3,12.6,False
2013-08-16,66.0,0.3,19.8,False
2013-08-17,35.0,0.3,10.5,False
2013-08-18,38.0,0.3,11.4,False
2013-08-19,93.0,0.3,27.9,False
2013-08-20,88.0,0.3,26.4,False
2013-08-21,82.0,0.3,24.599999999999998,False
2013-08-22,78.0,0.3,23.4,False
2013-08-23,64.0,0.3,19.2,False
2013-08-24,31.0,0.3,9.299999999999999,False
2013-08-25,43.0,0.3,12.9,False
2013-08-26,86.0,0.3,25.8,False
2013-08-27,68.0,0.3,20.4,False
2013-08-28,75.0,0.3,22.5,False
2013-08-29,75.0,0.3,22.5,False
2013-08-30,81.0,0.3,24.3,False
2013-08-31,47.0,0.3,14.1,False
2013-09-01,40.0,0.36,14.399999999999999,False
2013-09-02,91.0,0.36,32.76,False
2013-09-03,94.0,0.36,33.839999999999996,False
2013-09-04,95.0,0.36,34.199999999999996,False
2013-09-05,83.0,0.36,29.88,False
2013-09-06,69.0,0.36,24.84,False
2013-09-07,37.0,0.36,13.32,False
2013-09-08,43.0,0.36,15.479999999999999,False
2013-09-09,82.0,0.36,29.52,False
2013-09-10,88.0,0.36,31.68,False
2013-09-11,86.0,0.36,30.959999999999997,False
2013-09-12,74.0,0.36,26.64,False
2013-09-13,77.0,0.36,27.72,False
2013-09-14,28.0,0.36,10.08,False
2013-09-15,54.0,0.36,19.439999999999998,False
2013-09-16,94.0,0.36,33.839999999999996,False
2013-09-17,93.0,0.36,33.48,False
2013-09-18,94.0,0.36,33.839999999999996,False
2013-09-19,82.0,0.36,29.52,False
2013-09-20,59.0,0.36,21.24,False
2013-09-21,25.0,0.36,9.0,False
2013-09-22,37.0,0.36,13.32,False
2013-09-23,85.0,0.36,30.599999999999998,False
2013-09-24,93.0,0.36,33.48,False
2013-09-25,88.0,0.36,31.68,False
2013-09-26,81.0,0.36,29.16,False
2013-09-27,71.0,0.36,25.56,False
2013-09-28,37.0,0.36,13.32,False
2013-09-29,49.0,0.36,17.64,False
2013-09-30,100.0,0.36,36.0,False
2013-10-01,93.0,0.41,38.129999999999995,False
2013-10-02,100.0,0.41,41.0,False
2013-10-03,81.0,0.41,33.21,False
2013-10-04,76.0,0.41,31.159999999999997,False
2013-10-05,33.0,0.41,13.53,False
2013-10-06,42.0,0.41,17.22,False
2013-10-07,81.0,0.41,33.21,False
2013-10-08,87.0,0.41,35.669999999999995,False
2013-10-09,83.0,0.41,34.03,False
2013-10-10,85.0,0.41,34.85,False
2013-10-11,74.0,0.41,30.34,False
2013-10-12,36.0,0.41,14.76,False
2013-10-13,55.0,0.41,22.549999999999997,False
2013-10-14,95.0,0.41,38.949999999999996,False
2013-10-15,88.0,0.41,36.08,False
2013-10-16,85.0,0.41,34.85,False
2013-10-17,90.0,0.41,36.9,False
2013-10-18,70.0,0.41,28.7,False
2013-10-19,33.0,0.41,13.53,False
2013-10-20,41.0,0.41,16.81,False
2013-10-21,69.0,0.41,28.29,False
2013-10-22,87.0,0.41,35.669999999999995,False
2013-10-23,69.0,0.41,28.29,False
2013-10-24,78.0,0.41,31.979999999999997,False
2013-10-25,60.0,0.41,24.599999999999998,False
2013-10-26,32.0,0.41,13.12,False
2013-10-27,43.0,0.41,17.63,False
2013-10-28,81.0,0.41,33.21,False
2013-10-29,79.0,0.41,32.39,False
2013-10-30,70.0,0.41,28.7,False
2013-10-31,63.0,0.41,25.83,False
2013-11-01,31.0,0.36,11.16,False
2013-11-02,28.0,0.36,10.08,False
2013-11-03,42.0,0.36,15.12,False
2013-11-04,84.0,0.36,30.24,False
2013-11-05,100.0,0.36,36.0,False
2013-11-06,82.0,0.36,29.52,False
2013-11-07,87.0,0.36,31.32,False
2013-11-08,72.0,0.36,25.919999999999998,False
2013-11-09,42.0,0.36,15.12,False
2013-11-10,49.0,0.36,17.64,False
2013-11-11,95.0,0.36,34.199999999999996,False
2013-11-12,89.0,0.36,32.04,False
2013-11-13,83.0,0.36,29.88,False
2013-11-14,81.0,0.36,29.16,False
2013-11-15,64.0,0.36,23.04,False
2013-11-16,30.0,0.36,10.799999999999999,False
2013-11-17,38.0,0.36,13.68,False
2013-11-18,79.0,0.36,28.439999999999998,False
2013-11-19,84.0,0.36,30.24,False
2013-11-20,70.0,0.36,25.2,False
2013-11-21,78.0,0.36,28.08,False
2013-11-22,59.0,0.36,21.24,False
2013-11-23,30.0,0.36,10.799999999999999,False
2013-11-24,38.0,0.36,13.68,False
2013-11-25,82.0,0.36,29.52,False
2013-11-26,75.0,0.36,27.0,False
2013-11-27,72.0,0.36,25.919999999999998,False
2013-11-28,70.0,0.36,25.2,False
2013-11-29,66.0,0.36,23.759999999999998,False
2013-11-30,33.0,0.36,11.879999999999999,False
2013-12-01,44.0,0.31,13.64,False
2013-12-02,91.0,0.31,28.21,False
2013-12-03,90.0,0.31,27.9,False
2013-12-04,83.0,0.31,25.73,False
2013-12-05,68.0,0.31,21.08,False
2013-12-06,31.0,0.31,9.61,False
2013-12-07,19.0,0.31,5.89,False
2013-12-08,36.0,0.31,11.16,False
2013-12-09,71.0,0.31,22.01,False
2013-12-10,100.0,0.31,31.0,False
2013-12-11,93.0,0.31,28.83,False
2013-12-12,84.0,0.31,26.04,False
2013-12-13,60.0,0.31,18.6,False
2013-12-14,41.0,0.31,12.709999999999999,False
2013-12-15,41.0,0.31,12.709999999999999,False
2013-12-16,77.0,0.31,23.87,False
2013-12-17,97.0,0.31,30.07,False
2013-12-18,74.0,0.31,22.94,False
2013-12-19,71.0,0.31,22.01,False
2013-12-20,55.0,0.31,17.05,False
2013-12-21,35.0,0.31,10.85,False
2013-12-22,26.0,0.31,8.06,False
2013-12-23,58.0,0.31,17.98,False
2013-12-24,18.0,0.31,5.58,False
2013-12-25,29.0,0.31,8.99,False
2013-12-26,71.0,0.31,22.01,False
2013-12-27,63.0,0.31,19.53,False
2013-12-28,37.0,0.31,11.47,False
2013-12-29,42.0,0.31,13.02,False
2013-12-30,71.0,0.31,22.01,False
2013-12-31,47.0,0.31,14.57,False
2014-01-01,33.0,0.39,12.870000000000001,False
2014-01-02,89.0,0.39,34.71,False
2014-01-03,75.0,0.39,29.25,False
2014-01-04,27.0,0.39,10.530000000000001,False
2014-01-05,28.0,0.39,10.92,False
2014-01-06,34.0,0.39,13.26,False
2014-01-07,88.0,0.39,34.32,False
2014-01-08,100.0,0.39,39.0,False
2014-01-09,83.0,0.39,32.370000000000005,False
2014-01-10,100.0,0.39,39.0,False
2014-01-11,41.0,0.39,15.99,False
2014-01-12,50.0,0.39,19.5,False
2014-01-13,94.0,0.39,36.660000000000004,False
2014-01-14,94.0,0.39,36.660000000000004,False
2014-01-15,86.0,0.39,33.54,False
2014-01-16,74.0,0.39,28.86,False
2014-01-17,78.0,0.39,30.42,False
2014-01-18,35.0,0.39,13.65,False
2014-01-19,39.0,0.39,15.21,False
2014-01-20,81.0,0.39,31.59,False
2014-01-21,82.0,0.39,31.98,False
2014-01-22,79.0,0.39,30.810000000000002,False
2014-01-23,82.0,0.39,31.98,False
2014-01-24,66.0,0.39,25.740000000000002,False
2014-01-25,32.0,0.39,12.48,False
2014-01-26,36.0,0.39,14.040000000000001,False
2014-01-27,81.0,0.39,31.59,False
2014-01-28,73.0,0.39,28.470000000000002,False
2014-01-29,72.0,0.39,28.080000000000002,False
2014-01-30,78.0,0.39,30.42,False
2014-01-31,61.0,0.39,23.79,False
2014-02-01,35.0,0.36,12.6,False
2014-02-02,38.0,0.36,13.68,False
2014-02-03,85.0,0.36,30.599999999999998,False
2014-02-04,99.0,0.36,35.64,False
2014-02-05,84.0,0.36,30.24,False
2014-02-06,80.0,0.36,28.799999999999997,False
2014-02-07,75.0,0.36,27.0,False
2014-02-08,34.0,0.36,12.24,False
2014-02-09,45.0,0.36,16.2,False
2014-02-10,100.0,0.36,36.0,False
2014-02-11,90.0,0.36,32.4,False
2014-02-12,79.0,0.36,28.439999999999998,False
2014-02-13,80.0,0.36,28.799999999999997,False
2014-02-14,64.0,0.36,23.04,False
2014-02-15,30.0,0.36,10.799999999999999,False
2014-02-16,43.0,0.36,15.479999999999999,False
2014-02-17,83.0,0.36,29.88,False
2014-02-18,83.0,0.36,29.88,False
2014-02-19,77.0,0.36,27.72,False
2014-02-20,80.0,0.36,28.799999999999997,False
2014-02-21,66.0,0.36,23.759999999999998,False
2014-02-22,29.0,0.36,10.44,False
2014-02-23,35.0,0.36,12.6,False
2014-02-24,81.0,0.36,29.16,False
2014-02-25,83.0,0.36,29.88,False
2014-02-26,70.0,0.36,25.2,False
2014-02-27,74.0,0.36,26.64,False
2014-02-28,51.0,0.36,18.36,False
2014-03-01,37.0,0.36,13.32,False
2014-03-02,39.0,0.36,14.04,False
2014-03-03,92.0,0.36,33.12,False
2014-03-04,88.0,0.36,31.68,False
2014-03-05,97.0,0.36,34.92,False
2014-03-06,92.0,0.36,33.12,False
2014-03-07,75.0,0.36,27.0,False
2014-03-08,37.0,0.36,13.32,False
2014-03-09,43.0,0.36,15.479999999999999,False
2014-03-10,100.0,0.36,36.0,False
2014-03-11,90.0,0.36,32.4,False
2014-03-12,91.0,0.36,32.76,False
2014-03-13,81.0,0.36,29.16,False
2014-03-14,64.0,0.36,23.04,False
2014-03-15,25.0,0.36,9.0,False
2014-03-16,43.0,0.36,15.479999999999999,False
2014-03-17,79.0,0.36,28.439999999999998,False
2014-03-18,75.0,0.36,27.0,False
2014-03-19,62.0,0.36,22.32,False
2014-03-20,77.0,0.36,27.72,False
2014-03-21,58.0,0.36,20.88,False
2014-03-22,38.0,0.36,13.68,False
2014-03-23,44.0,0.36,15.84,False
2014-03-24,82.0,0.36,29.52,False
2014-03-25,67.0,0.36,24.119999999999997,False
2014-03-26,77.0,0.36,27.72,False
2014-03-27,72.0,0.36,25.919999999999998,False
2014-03-28,67.0,0.36,24.119999999999997,False
2014-03-29,37.0,0.36,13.32,False
2014-03-30,44.0,0.36,15.84,False
2014-03-31,74.0,0.36,26.64,False
2014-04-01,89.0,0.32,28.48,False
2014-04-02,85.0,0.32,27.2,False
2014-04-03,73.0,0.32,23.36,False
2014-04-04,70.0,0.32,22.400000000000002,False
2014-04-05,35.0,0.32,11.200000000000001,False
2014-04-06,44.0,0.32,14.08,False
2014-04-07,78.0,0.32,24.96,False
2014-04-08,77.0,0.32,24.64,False
2014-04-09,73.0,0.32,23.36,False
2014-04-10,100.0,0.32,32.0,False
2014-04-11,65.0,0.32,20.8,False
2014-04-12,32.0,0.32,10.24,False
2014-04-13,34.0,0.32,10.88,False
2014-04-14,75.0,0.32,24.0,False
2014-04-15,61.0,0.32,19.52,False
2014-04-16,54.0,0.32,17.28,False
2014-04-17,32.0,0.32,10.24,False
2014-04-18,22.0,0.32,7.04,False
2014-04-19,25.0,0.32,8.0,False
2014-04-20,40.0,0.32,12.8,False
2014-04-21,74.0,0.32,23.68,False
2014-04-22,86.0,0.32,27.52,False
2014-04-23,70.0,0.32,22.400000000000002,False
2014-04-24,77.0,0.32,24.64,False
2014-04-25,68.0,0.32,21.76,False
2014-04-26,36.0,0.32,11.52,False
2014-04-27,40.0,0.32,12.8,False
2014-04-28,73.0,0.32,23.36,False
2014-04-29,78.0,0.32,24.96,False
2014-04-30,73.0,0.32,23.36,False
2014-05-01,42.0,0.33,13.860000000000001,False
2014-05-02,60.0,0.33,19.8,False
2014-05-03,29.0,0.33,9.57,False
2014-05-04,46.0,0.33,15.180000000000001,False
2014-05-05,93.0,0.33,30.69,False
2014-05-06,82.0,0.33,27.060000000000002,False
2014-05-07,87.0,0.33,28.71,False
2014-05-08,89.0,0.33,29.37,False
2014-05-09,65.0,0.33,21.45,False
2014-05-10,53.0,0.33,17.490000000000002,False
2014-05-11,40.0,0.33,13.200000000000001,False
2014-05-12,100.0,0.33,33.0,False
2014-05-13,82.0,0.33,27.060000000000002,False
2014-05-14,76.0,0.33,25.080000000000002,False
2014-05-15,74.0,0.33,24.42,False
2014-05-16,66.0,0.33,21.78,False
2014-05-17,31.0,0.33,10.23,False
2014-05-18,45.0,0.33,14.850000000000001,False
2014-05-19,88.0,0.33,29.040000000000003,False
2014-05-20,77.0,0.33,25.41,False
2014-05-21,76.0,0.33,25.080000000000002,False
2014-05-22,80.0,0.33,26.400000000000002,False
2014-05-23,65.0,0.33,21.45,False
2014-05-24,30.0,0.33,9.9,False
2014-05-25,36.0,0.33,11.88,False
2014-05-26,69.0,0.33,22.77,False
2014-05-27,75.0,0.33,24.75,False
2014-05-28,70.0,0.33,23.1,False
2014-05-29,67.0,0.33,22.11,False
2014-05-30,60.0,0.33,19.8,False
2014-05-31,25.0,0.33,8.25,False
2014-06-01,45.0,0.32,14.4,False
2014-06-02,84.0,0.32,26.88,False
2014-06-03,94.0,0.32,30.080000000000002,False
2014-06-04,69.0,0.32,22.080000000000002,False
2014-06-05,73.0,0.32,23.36,False
2014-06-06,62.0,0.32,19.84,False
2014-06-07,33.0,0.32,10.56,False
2014-06-08,47.0,0.32,15.040000000000001,False
2014-06-09,100.0,0.32,32.0,False
2014-06-10,95.0,0.32,30.400000000000002,False
2014-06-11,79.0,0.32,25.28,False
2014-06-12,79.0,0.32,25.28,False
2014-06-13,55.0,0.32,17.6,False
2014-06-14,31.0,0.32,9.92,False
2014-06-15,47.0,0.32,15.040000000000001,False
2014-06-16,86.0,0.32,27.52,False
2014-06-17,79.0,0.32,25.28,False
2014-06-18,70.0,0.32,22.400000000000002,False
2014-06-19,68.0,0.32,21.76,False
2014-06-20,61.0,0.32,19.52,False
2014-06-21,31.0,0.32,9.92,False
2014-06-22,51.0,0.32,16.32,False
2014-06-23,78.0,0.32,24.96,False
2014-06-24,71.0,0.32,22.72,False
2014-06-25,78.0,0.32,24.96,False
2014-06-26,76.0,0.32,24.32,False
2014-06-27,65.0,0.32,20.8,False
2014-06-28,24.0,0.32,7.68,False
2014-06-29,46.0,0.32,14.72,False
2014-06-30,75.0,0.32,24.0,False
2014-07-01,91.0,0.34,30.94,False
2014-07-02,100.0,0.34,34.0,False
2014-07-03,85.0,0.34,28.900000000000002,False
2014-07-04,62.0,0.34,21.080000000000002,False
2014-07-05,35.0,0.34,11.9,False
2014-07-06,42.0,0.34,14.280000000000001,False
2014-07-07,88.0,0.34,29.92,False
2014-07-08,88.0,0.34,29.92,False
2014-07-09,82.0,0.34,27.880000000000003,False
2014-07-10,84.0,0.34,28.560000000000002,False
2014-07-11,75.0,0.34,25.500000000000004,False
2014-07-12,31.0,0.34,10.540000000000001,False
2014-07-13,37.0,0.34,12.58,False
2014-07-14,90.0,0.34,30.6,False
2014-07-15,74.0,0.34,25.16,False
2014-07-16,69.0,0.34,23.46,False
2014-07-17,61.0,0.34,20.740000000000002,False
2014-07-18,55.0,0.34,18.700000000000003,False
2014-07-19,32.0,0.34,10.88,False
2014-07-20,45.0,0.34,15.3,False
2014-07-21,85.0,0.34,28.900000000000002,False
2014-07-22,73.0,0.34,24.82,False
2014-07-23,72.0,0.34,24.48,False
2014-07-24,78.0,0.34,26.520000000000003,False
2014-07-25,58.0,0.34,19.720000000000002,False
2014-07-26,24.0,0.34,8.16,False
2014-07-27,34.0,0.34,11.56,False
2014-07-28,88.0,0.34,29.92,False
2014-07-29,80.0,0.34,27.200000000000003,False
2014-07-30,76.0,0.34,25.840000000000003,False
2014-07-31,94.0,0.34,31.96,False
2014-08-01,68.0,0.28,19.040000000000003,False
2014-08-02,34.0,0.28,9.520000000000001,False
2014-08-03,43.0,0.28,12.040000000000001,False
2014-08-04,100.0,0.28,28.000000000000004,False
2014-08-05,72.0,0.28,20.160000000000004,False
2014-08-06,72.0,0.28,20.160000000000004,False
2014-08-07,71.0,0.28,19.880000000000003,False
2014-08-08,63.0,0.28,17.64,False
2014-08-09,30.0,0.28,8.4,False
2014-08-10,53.0,0.28,14.840000000000002,False
2014-08-11,90.0,0.28,25.200000000000003,False
2014-08-12,61.0,0.28,17.080000000000002,False
2014-08-13,70.0,0.28,19.6,False
2014-08-14,64.0,0.28,17.92,False
2014-08-15,39.0,0.28,10.920000000000002,False
2014-08-16,33.0,0.28,9.24,False
2014-08-17,36.0,0.28,10.080000000000002,False
2014-08-18,67.0,0.28,18.76,False
2014-08-19,70.0,0.28,19.6,False
2014-08-20,62.0,0.28,17.360000000000003,False
2014-08-21,51.0,0.28,14.280000000000001,False
2014-08-22,50.0,0.28,14.000000000000002,False
2014-08-23,36.0,0.28,10.080000000000002,False
2014-08-24,41.0,0.28,11.48,False
2014-08-25,65.0,0.28,18.200000000000003,False
2014-08-26,80.0,0.28,22.400000000000002,False
2014-08-27,70.0,0.28,19.6,False
2014-08-28,77.0,0.28,21.560000000000002,False
2014-08-29,54.0,0.28,15.120000000000001,False
2014-08-30,25.0,0.28,7.000000000000001,False
2014-08-31,46.0,0.28,12.88,False
2014-09-01,95.0,0.36,34.199999999999996,False
2014-09-02,97.0,0.36,34.92,False
2014-09-03,92.0,0.36,33.12,False
2014-09-04,82.0,0.36,29.52,False
2014-09-05,66.0,0.36,23.759999999999998,False
2014-09-06,44.0,0.36,15.84,False
2014-09-07,50.0,0.36,18.0,False
2014-09-08,85.0,0.36,30.599999999999998,False
2014-09-09,100.0,0.36,36.0,False
2014-09-10,90.0,0.36,32.4,False
2014-09-11,91.0,0.36,32.76,False
2014-09-12,72.0,0.36,25.919999999999998,False
2014-09-13,39.0,0.36,14.04,False
2014-09-14,47.0,0.36,16.919999999999998,False
2014-09-15,91.0,0.36,32.76,False
2014-09-16,95.0,0.36,34.199999999999996,False
2014-09-17,89.0,0.36,32.04,False
2014-09-18,84.0,0.36,30.24,False
2014-09-19,73.0,0.36,26.279999999999998,False
2014-09-20,33.0,0.36,11.879999999999999,False
2014-09-21,39.0,0.36,14.04,False
2014-09-22,93.0,0.36,33.48,False
2014-09-23,70.0,0.36,25.2,False
2014-09-24,83.0,0.36,29.88,False
2014-09-25,78.0,0.36,28.08,False
2014-09-26,65.0,0.36,23.4,False
2014-09-27,32.0,0.36,11.52,False
2014-09-28,48.0,0.36,17.28,False
2014-09-29,86.0,0.36,30.959999999999997,False
2014-09-30,88.0,0.36,31.68,False
2014-10-01,90.0,0.34,30.6,False
2014-10-02,100.0,0.34,34.0,False
2014-10-03,76.0,0.34,25.840000000000003,False
2014-10-04,30.0,0.34,10.200000000000001,False
2014-10-05,45.0,0.34,15.3,False
2014-10-06,83.0,0.34,28.220000000000002,False
2014-10-07,84.0,0.34,28.560000000000002,False
2014-10-08,80.0,0.34,27.200000000000003,False
2014-10-09,75.0,0.34,25.500000000000004,False
2014-10-10,77.0,0.34,26.180000000000003,False
2014-10-11,32.0,0.34,10.88,False
2014-10-12,44.0,0.34,14.96,False
2014-10-13,73.0,0.34,24.82,False
2014-10-14,87.0,0.34,29.580000000000002,False
2014-10-15,72.0,0.34,24.48,False
2014-10-16,65.0,0.34,22.1,False
2014-10-17,65.0,0.34,22.1,False
2014-10-18,23.0,0.34,7.82,False
2014-10-19,38.0,0.34,12.920000000000002,False
2014-10-20,79.0,0.34,26.860000000000003,False
2014-10-21,74.0,0.34,25.16,False
2014-10-22,78.0,0.34,26.520000000000003,False
2014-10-23,70.0,0.34,23.8,False
2014-10-24,58.0,0.34,19.720000000000002,False
2014-10-25,26.0,0.34,8.84,False
2014-10-26,46.0,0.34,15.64,False
2014-10-27,71.0,0.34,24.14,False
2014-10-28,77.0,0.34,26.180000000000003,False
2014-10-29,63.0,0.34,21.42,False
2014-10-30,77.0,0.34,26.180000000000003,False
2014-10-31,61.0,0.34,20.740000000000002,False
2014-11-01,40.0,0.32,12.8,False
2014-11-02,44.0,0.32,14.08,False
2014-11-03,94.0,0.32,30.080000000000002,False
2014-11-04,98.0,0.32,31.36,False
2014-11-05,93.0,0.32,29.76,False
2014-11-06,81.0,0.32,25.92,False
2014-11-07,61.0,0.32,19.52,False
2014-11-08,34.0,0.32,10.88,False
2014-11-09,49.0,0.32,15.68,False
2014-11-10,100.0,0.32,32.0,False
2014-11-11,86.0,0.32,27.52,False
2014-11-12,79.0,0.32,25.28,False
2014-11-13,86.0,0.32,27.52,False
2014-11-14,55.0,0.32,17.6,False
2014-11-15,28.0,0.32,8.96,False
2014-11-16,41.0,0.32,13.120000000000001,False
2014-11-17,88.0,0.32,28.16,False
2014-11-18,81.0,0.32,25.92,False
2014-11-19,74.0,0.32,23.68,False
2014-11-20,79.0,0.32,25.28,False
2014-11-21,60.0,0.32,19.2,False
2014-11-22,37.0,0.32,11.84,False
2014-11-23,45.0,0.32,14.4,False
2014-11-24,79.0,0.32,25.28,False
2014-11-25,60.0,0.32,19.2,False
2014-11-26,73.0,0.32,23.36,False
2014-11-27,68.0,0.32,21.76,False
2014-11-28,57.0,0.32,18.240000000000002,False
2014-11-29,38.0,0.32,12.16,False
2014-11-30,34.0,0.32,10.88,False
2014-12-01,72.0,0.29,20.88,False
2014-12-02,82.0,0.29,23.779999999999998,False
2014-12-03,73.0,0.29,21.169999999999998,False
2014-12-04,80.0,0.29,23.2,False
2014-12-05,55.0,0.29,15.95,False
2014-12-06,35.0,0.29,10.149999999999999,False
2014-12-07,22.0,0.29,6.38,False
2014-12-08,44.0,0.29,12.76,False
2014-12-09,80.0,0.29,23.2,False
2014-12-10,82.0,0.29,23.779999999999998,False
2014-12-11,76.0,0.29,22.04,False
2014-12-12,74.0,0.29,21.459999999999997,False
2014-12-13,34.0,0.29,9.86,False
2014-12-14,43.0,0.29,12.469999999999999,False
2014-12-15,100.0,0.29,28.999999999999996,False
2014-12-16,79.0,0.29,22.91,False
2014-12-17,72.0,0.29,20.88,False
2014-12-18,68.0,0.29,19.72,False
2014-12-19,47.0,0.29,13.629999999999999,False
2014-12-20,38.0,0.29,11.02,False
2014-12-21,38.0,0.29,11.02,False
2014-12-22,48.0,0.29,13.919999999999998,False
2014-12-23,44.0,0.29,12.76,False
2014-12-24,27.0,0.29,7.829999999999999,False
2014-12-25,31.0,0.29,8.99,False
2014-12-26,47.0,0.29,13.629999999999999,False
2014-12-27,25.0,0.29,7.249999999999999,False
2014-12-28,30.0,0.29,8.7,False
2014-12-29,57.0,0.29,16.529999999999998,False
2014-12-30,47.0,0.29,13.629999999999999,False
2014-12-31,32.0,0.29,9.28,False
2015-01-01,33.0,0.35,11.549999999999999,False
2015-01-02,56.0,0.35,19.599999999999998,False
2015-01-03,35.0,0.35,12.25,False
2015-01-04,37.0,0.35,12.95,False
2015-01-05,63.0,0.35,22.049999999999997,False
2015-01-06,37.0,0.35,12.95,False
2015-01-07,76.0,0.35,26.599999999999998,False
2015-01-08,89.0,0.35,31.15,False
2015-01-09,80.0,0.35,28.0,False
2015-01-10,53.0,0.35,18.549999999999997,False
2015-01-11,54.0,0.35,18.9,False
2015-01-12,100.0,0.35,35.0,False
2015-01-13,89.0,0.35,31.15,False
2015-01-14,88.0,0.35,30.799999999999997,False
2015-01-15,93.0,0.35,32.55,False
2015-01-16,68.0,0.35,23.799999999999997,False
2015-01-17,39.0,0.35,13.649999999999999,False
2015-01-18,38.0,0.35,13.299999999999999,False
2015-01-19,77.0,0.35,26.95,False
2015-01-20,73.0,0.35,25.549999999999997,False
2015-01-21,76.0,0.35,26.599999999999998,False
2015-01-22,68.0,0.35,23.799999999999997,False
2015-01-23,58.0,0.35,20.299999999999997,False
2015-01-24,31.0,0.35,10.85,False
2015-01-25,37.0,0.35,12.95,False
2015-01-26,69.0,0.35,24.15,False
2015-01-27,75.0,0.35,26.25,False
2015-01-28,69.0,0.35,24.15,False
2015-01-29,75.0,0.35,26.25,False
2015-01-30,52.0,0.35,18.2,False
2015-01-31,32.0,0.35,11.2,False
2015-02-01,37.0,0.37,13.69,False
2015-02-02,73.0,0.37,27.009999999999998,False
2015-02-03,100.0,0.37,37.0,False
2015-02-04,74.0,0.37,27.38,False
2015-02-05,73.0,0.37,27.009999999999998,False
2015-02-06,63.0,0.37,23.31,False
2015-02-07,29.0,0.37,10.73,False
2015-02-08,33.0,0.37,12.209999999999999,False
2015-02-09,86.0,0.37,31.82,False
2015-02-10,99.0,0.37,36.63,False
2015-02-11,83.0,0.37,30.71,False
2015-02-12,73.0,0.37,27.009999999999998,False
2015-02-13,66.0,0.37,24.419999999999998,False
2015-02-14,28.0,0.37,10.36,False
2015-02-15,39.0,0.37,14.43,False
2015-02-16,80.0,0.37,29.6,False
2015-02-17,69.0,0.37,25.53,False
2015-02-18,72.0,0.37,26.64,False
2015-02-19,63.0,0.37,23.31,False
2015-02-20,62.0,0.37,22.94,False
2015-02-21,29.0,0.37,10.73,False
2015-02-22,45.0,0.37,16.65,False
2015-02-23,70.0,0.37,25.9,False
2015-02-24,77.0,0.37,28.49,False
2015-02-25,57.0,0.37,21.09,False
2015-02-26,68.0,0.37,25.16,False
2015-02-27,51.0,0.37,18.87,False
2015-02-28,35.0,0.37,12.95,False
2015-03-01,47.0,0.33,15.510000000000002,False
2015-03-02,100.0,0.33,33.0,False
2015-03-03,97.0,0.33,32.01,False
2015-03-04,88.0,0.33,29.040000000000003,False
2015-03-05,80.0,0.33,26.400000000000002,False
2015-03-06,71.0,0.33,23.43,False
2015-03-07,28.0,0.33,9.24,False
2015-03-08,48.0,0.33,15.84,False
2015-03-09,78.0,0.33,25.740000000000002,False
2015-03-10,100.0,0.33,33.0,False
2015-03-11,88.0,0.33,29.040000000000003,False
2015-03-12,84.0,0.33,27.720000000000002,False
2015-03-13,68.0,0.33,22.44,False
2015-03-14,32.0,0.33,10.56,False
2015-03-15,43.0,0.33,14.190000000000001,False
2015-03-16,100.0,0.33,33.0,False
2015-03-17,83.0,0.33,27.39,False
2015-03-18,72.0,0.33,23.76,False
2015-03-19,60.0,0.33,19.8,False
2015-03-20,58.0,0.33,19.14,False
2015-03-21,35.0,0.33,11.55,False
2015-03-22,39.0,0.33,12.870000000000001,False
2015-03-23,78.0,0.33,25.740000000000002,False
2015-03-24,75.0,0.33,24.75,False
2015-03-25,74.0,0.33,24.42,False
2015-03-26,63.0,0.33,20.790000000000003,False
2015-03-27,51.0,0.33,16.830000000000002,False
2015-03-28,25.0,0.33,8.25,False
2015-03-29,38.0,0.33,12.540000000000001,False
2015-03-30,71.0,0.33,23.43,False
2015-03-31,69.0,0.33,22.77,False
2015-04-01,67.0,0.3,20.099999999999998,False
2015-04-02,36.0,0.3,10.799999999999999,False
2015-04-03,48.0,0.3,14.399999999999999,False
2015-04-04,35.0,0.3,10.5,False
2015-04-05,45.0,0.3,13.5,False
2015-04-06,91.0,0.3,27.3,False
2015-04-07,100.0,0.3,30.0,False
2015-04-08,99.0,0.3,29.7,False
2015-04-09,98.0,0.3,29.4,False
2015-04-10,85.0,0.3,25.5,False
2015-04-11,36.0,0.3,10.799999999999999,False
2015-04-12,61.0,0.3,18.3,False
2015-04-13,98.0,0.3,29.4,False
2015-04-14,78.0,0.3,23.4,False
2015-04-15,91.0,0.3,27.3,False
2015-04-16,88.0,0.3,26.4,False
2015-04-17,67.0,0.3,20.099999999999998,False
2015-04-18,34.0,0.3,10.2,False
2015-04-19,49.0,0.3,14.7,False
2015-04-20,90.0,0.3,27.0,False
2015-04-21,83.0,0.3,24.9,False
2015-04-22,67.0,0.3,20.099999999999998,False
2015-04-23,78.0,0.3,23.4,False
2015-04-24,80.0,0.3,24.0,False
2015-04-25,40.0,0.3,12.0,False
2015-04-26,57.0,0.3,17.099999999999998,False
2015-04-27,95.0,0.3,28.5,False
2015-04-28,81.0,0.3,24.3,False
2015-04-29,72.0,0.3,21.599999999999998,False
2015-04-30,83.0,0.3,24.9,False
2015-05-01,34.0,0.32,10.88,False
2015-05-02,33.0,0.32,10.56,False
2015-05-03,43.0,0.32,13.76,False
2015-05-04,87.0,0.32,27.84,False
2015-05-05,92.0,0.32,29.44,False
2015-05-06,77.0,0.32,24.64,False
2015-05-07,77.0,0.32,24.64,False
2015-05-08,55.0,0.32,17.6,False
2015-05-09,43.0,0.32,13.76,False
2015-05-10,46.0,0.32,14.72,False
2015-05-11,81.0,0.32,25.92,False
2015-05-12,100.0,0.32,32.0,False
2015-05-13,83.0,0.32,26.560000000000002,False
2015-05-14,76.0,0.32,24.32,False
2015-05-15,52.0,0.32,16.64,False
2015-05-16,25.0,0.32,8.0,False
2015-05-17,39.0,0.32,12.48,False
2015-05-18,90.0,0.32,28.8,False
2015-05-19,83.0,0.32,26.560000000000002,False
2015-05-20,85.0,0.32,27.2,False
2015-05-21,82.0,0.32,26.240000000000002,False
2015-05-22,70.0,0.32,22.400000000000002,False
2015-05-23,31.0,0.32,9.92,False
2015-05-24,38.0,0.32,12.16,False
2015-05-25,75.0,0.32,24.0,False
2015-05-26,76.0,0.32,24.32,False
2015-05-27,78.0,0.32,24.96,False
2015-05-28,70.0,0.32,22.400000000000002,False
2015-05-29,68.0,0.32,21.76,False
2015-05-30,32.0,0.32,10.24,False
2015-05-31,38.0,0.32,12.16,False
2015-06-01,91.0,0.32,29.12,False
2015-06-02,95.0,0.32,30.400000000000002,False
2015-06-03,90.0,0.32,28.8,False
2015-06-04,78.0,0.32,24.96,False
2015-06-05,62.0,0.32,19.84,False
2015-06-06,33.0,0.32,10.56,False
2015-06-07,42.0,0.32,13.44,False
2015-06-08,88.0,0.32,28.16,False
2015-06-09,75.0,0.32,24.0,False
2015-06-10,100.0,0.32,32.0,False
2015-06-11,75.0,0.32,24.0,False
2015-06-12,73.0,0.32,23.36,False
2015-06-13,37.0,0.32,11.84,False
2015-06-14,46.0,0.32,14.72,False
2015-06-15,81.0,0.32,25.92,False
2015-06-16,80.0,0.32,25.6,False
2015-06-17,82.0,0.32,26.240000000000002,False
2015-06-18,85.0,0.32,27.2,False
2015-06-19,63.0,0.32,20.16,False
2015-06-20,34.0,0.32,10.88,False
2015-06-21,53.0,0.32,16.96,False
2015-06-22,85.0,0.32,27.2,False
2015-06-23,77.0,0.32,24.64,False
2015-06-24,77.0,0.32,24.64,False
2015-06-25,84.0,0.32,26.88,False
2015-06-26,63.0,0.32,20.16,False
2015-06-27,41.0,0.32,13.120000000000001,False
2015-06-28,33.0,0.32,10.56,False
2015-06-29,93.0,0.32,29.76,False
2015-06-30,85.0,0.32,27.2,False
2015-07-01,100.0,0.28,28.000000000000004,False
2015-07-02,93.0,0.28,26.040000000000003,False
2015-07-03,76.0,0.28,21.28,False
2015-07-04,33.0,0.28,9.24,False
2015-07-05,45.0,0.28,12.600000000000001,False
2015-07-06,85.0,0.28,23.8,False
2015-07-07,89.0,0.28,24.92,False
2015-07-08,90.0,0.28,25.200000000000003,False
2015-07-09,85.0,0.28,23.8,False
2015-07-10,87.0,0.28,24.360000000000003,False
2015-07-11,45.0,0.28,12.600000000000001,False
2015-07-12,47.0,0.28,13.160000000000002,False
2015-07-13,79.0,0.28,22.12,False
2015-07-14,78.0,0.28,21.840000000000003,False
2015-07-15,77.0,0.28,21.560000000000002,False
2015-07-16,73.0,0.28,20.44,False
2015-07-17,60.0,0.28,16.8,False
2015-07-18,26.0,0.28,7.280000000000001,False
2015-07-19,39.0,0.28,10.920000000000002,False
2015-07-20,75.0,0.28,21.000000000000004,False
2015-07-21,77.0,0.28,21.560000000000002,False
2015-07-22,77.0,0.28,21.560000000000002,False
2015-07-23,91.0,0.28,25.480000000000004,False
2015-07-24,62.0,0.28,17.360000000000003,False
2015-07-25,32.0,0.28,8.96,False
2015-07-26,37.0,0.28,10.360000000000001,False
2015-07-27,83.0,0.28,23.240000000000002,False
2015-07-28,75.0,0.28,21.000000000000004,False
2015-07-29,69.0,0.28,19.32,False
2015-07-30,83.0,0.28,23.240000000000002,False
2015-07-31,71.0,0.28,19.880000000000003,False
2015-08-01,39.0,0.25,9.75,False
2015-08-02,37.0,0.25,9.25,False
2015-08-03,80.0,0.25,20.0,False
2015-08-04,100.0,0.25,25.0,False
2015-08-05,80.0,0.25,20.0,False
2015-08-06,71.0,0.25,17.75,False
2015-08-07,67.0,0.25,16.75,False
2015-08-08,35.0,0.25,8.75,False
2015-08-09,48.0,0.25,12.0,False
2015-08-10,77.0,0.25,19.25,False
2015-08-11,75.0,0.25,18.75,False
2015-08-12,73.0,0.25,18.25,False
2015-08-13,62.0,0.25,15.5,False
2015-08-14,60.0,0.25,15.0,False
2015-08-15,33.0,0.25,8.25,False
2015-08-16,38.0,0.25,9.5,False
2015-08-17,69.0,0.25,17.25,False
2015-08-18,73.0,0.25,18.25,False
2015-08-19,78.0,0.25,19.5,False
2015-08-20,73.0,0.25,18.25,False
2015-08-21,53.0,0.25,13.25,False
2015-08-22,27.0,0.25,6.75,False
2015-08-23,26.0,0.25,6.5,False
2015-08-24,79.0,0.25,19.75,False
2015-08-25,67.0,0.25,16.75,False
2015-08-26,76.0,0.25,19.0,False
2015-08-27,64.0,0.25,16.0,False
2015-08-28,62.0,0.25,15.5,False
2015-08-29,35.0,0.25,8.75,False
2015-08-30,37.0,0.25,9.25,False
2015-08-31,88.0,0.25,22.0,False
2015-09-01,87.0,0.3,26.099999999999998,False
2015-09-02,94.0,0.3,28.2,False
2015-09-03,80.0,0.3,24.0,False
2015-09-04,68.0,0.3,20.4,False
2015-09-05,35.0,0.3,10.5,False
2015-09-06,46.0,0.3,13.799999999999999,False
2015-09-07,84.0,0.3,25.2,False
2015-09-08,89.0,0.3,26.7,False
2015-09-09,97.0,0.3,29.099999999999998,False
2015-09-10,100.0,0.3,30.0,False
2015-09-11,55.0,0.3,16.5,False
2015-09-12,30.0,0.3,9.0,False
2015-09-13,38.0,0.3,11.4,False
2015-09-14,88.0,0.3,26.4,False
2015-09-15,92.0,0.3,27.599999999999998,False
2015-09-16,87.0,0.3,26.099999999999998,False
2015-09-17,85.0,0.3,25.5,False
2015-09-18,56.0,0.3,16.8,False
2015-09-19,39.0,0.3,11.7,False
2015-09-20,39.0,0.3,11.7,False
2015-09-21,92.0,0.3,27.599999999999998,False
2015-09-22,81.0,0.3,24.3,False
2015-09-23,79.0,0.3,23.7,False
2015-09-24,77.0,0.3,23.099999999999998,False
2015-09-25,63.0,0.3,18.9,False
2015-09-26,27.0,0.3,8.1,False
2015-09-27,40.0,0.3,12.0,False
2015-09-28,92.0,0.3,27.599999999999998,False
2015-09-29,90.0,0.3,27.0,False
2015-09-30,90.0,0.3,27.0,False
2015-10-01,66.0,0.3,19.8,False
2015-10-02,71.0,0.3,21.3,False
2015-10-03,31.0,0.3,9.299999999999999,False
2015-10-04,35.0,0.3,10.5,False
2015-10-05,100.0,0.3,30.0,False
2015-10-06,87.0,0.3,26.099999999999998,False
2015-10-07,66.0,0.3,19.8,False
2015-10-08,78.0,0.3,23.4,False
2015-10-09,61.0,0.3,18.3,False
2015-10-10,30.0,0.3,9.0,False
2015-10-11,34.0,0.3,10.2,False
2015-10-12,37.0,0.3,11.1,False
2015-10-13,83.0,0.3,24.9,False
2015-10-14,77.0,0.3,23.099999999999998,False
2015-10-15,77.0,0.3,23.099999999999998,False
2015-10-16,57.0,0.3,17.099999999999998,False
2015-10-17,21.0,0.3,6.3,False
2015-10-18,30.0,0.3,9.0,False
2015-10-19,70.0,0.3,21.0,False
2015-10-20,71.0,0.3,21.3,False
2015-10-21,72.0,0.3,21.599999999999998,False
2015-10-22,68.0,0.3,20.4,False
2015-10-23,56.0,0.3,16.8,False
2015-10-24,27.0,0.3,8.1,False
2015-10-25,27.0,0.3,8.1,False
2015-10-26,67.0,0.3,20.099999999999998,False
2015-10-27,65.0,0.3,19.5,False
2015-10-28,72.0,0.3,21.599999999999998,False
2015-10-29,67.0,0.3,20.099999999999998,False
2015-10-30,51.0,0.3,15.299999999999999,False
2015-10-31,34.0,0.3,10.2,False
2015-11-01,35.0,0.3,10.5,False
2015-11-02,58.0,0.3,17.4,False
2015-11-03,100.0,0.3,30.0,False
2015-11-04,90.0,0.3,27.0,False
2015-11-05,93.0,0.3,27.9,False
2015-11-06,77.0,0.3,23.099999999999998,False
2015-11-07,35.0,0.3,10.5,False
2015-11-08,37.0,0.3,11.1,False
2015-11-09,84.0,0.3,25.2,False
2015-11-10,89.0,0.3,26.7,False
2015-11-11,79.0,0.3,23.7,False
2015-11-12,87.0,0.3,26.099999999999998,False
2015-11-13,60.0,0.3,18.0,False
2015-11-14,31.0,0.3,9.299999999999999,False
2015-11-15,41.0,0.3,12.299999999999999,False
2015-11-16,82.0,0.3,24.599999999999998,False
2015-11-17,92.0,0.3,27.599999999999998,False
2015-11-18,70.0,0.3,21.0,False
2015-11-19,61.0,0.3,18.3,False
2015-11-20,57.0,0.3,17.099999999999998,False
2015-11-21,34.0,0.3,10.2,False
2015-11-22,33.0,0.3,9.9,False
2015-11-23,69.0,0.3,20.7,False
2015-11-24,81.0,0.3,24.3,False
2015-11-25,67.0,0.3,20.099999999999998,False
2015-11-26,63.0,0.3,18.9,False
2015-11-27,54.0,0.3,16.2,False
2015-11-28,25.0,0.3,7.5,False
2015-11-29,41.0,0.3,12.299999999999999,False
2015-11-30,69.0,0.3,20.7,False
2015-12-01,84.0,0.24,20.16,False
2015-12-02,72.0,0.24,17.28,False
2015-12-03,73.0,0.24,17.52,False
2015-12-04,59.0,0.24,14.16,False
2015-12-05,26.0,0.24,6.24,False
2015-12-06,38.0,0.24,9.12,False
2015-12-07,57.0,0.24,13.68,False
2015-12-08,47.0,0.24,11.28,False
2015-12-09,91.0,0.24,21.84,False
2015-12-10,100.0,0.24,24.0,False
2015-12-11,72.0,0.24,17.28,False
2015-12-12,37.0,0.24,8.879999999999999,False
2015-12-13,44.0,0.24,10.559999999999999,False
2015-12-14,86.0,0.24,20.64,False
2015-12-15,87.0,0.24,20.88,False
2015-12-16,98.0,0.24,23.52,False
2015-12-17,74.0,0.24,17.759999999999998,False
2015-12-18,64.0,0.24,15.36,False
2015-12-19,37.0,0.24,8.879999999999999,False
2015-12-20,28.0,0.24,6.72,False
2015-12-21,75.0,0.24,18.0,False
2015-12-22,58.0,0.24,13.92,False
2015-12-23,47.0,0.24,11.28,False
2015-12-24,29.0,0.24,6.96,False
2015-12-25,23.0,0.24,5.52,False
2015-12-26,25.0,0.24,6.0,False
2015-12-27,31.0,0.24,7.4399999999999995,False
2015-12-28,70.0,0.24,16.8,False
2015-12-29,68.0,0.24,16.32,False
2015-12-30,53.0,0.24,12.719999999999999,False
2015-12-31,37.0,0.24,8.879999999999999,False
2016-01-01,29.0,0.28,8.120000000000001,False
2016-01-02,33.0,0.28,9.24,False
2016-01-03,40.0,0.28,11.200000000000001,False
2016-01-04,78.0,0.28,21.840000000000003,False
2016-01-05,67.0,0.28,18.76,False
2016-01-06,34.0,0.28,9.520000000000001,False
2016-01-07,73.0,0.28,20.44,False
2016-01-08,59.0,0.28,16.520000000000003,False
2016-01-09,38.0,0.28,10.64,False
2016-01-10,61.0,0.28,17.080000000000002,False
2016-01-11,92.0,0.28,25.76,False
2016-01-12,90.0,0.28,25.200000000000003,False
2016-01-13,83.0,0.28,23.240000000000002,False
2016-01-14,86.0,0.28,24.080000000000002,False
2016-01-15,59.0,0.28,16.520000000000003,False
2016-01-16,28.0,0.28,7.840000000000001,False
2016-01-17,46.0,0.28,12.88,False
2016-01-18,100.0,0.28,28.000000000000004,False
2016-01-19,71.0,0.28,19.880000000000003,False
2016-01-20,82.0,0.28,22.96,False
2016-01-21,68.0,0.28,19.040000000000003,False
2016-01-22,61.0,0.28,17.080000000000002,False
2016-01-23,42.0,0.28,11.760000000000002,False
2016-01-24,29.0,0.28,8.120000000000001,False
2016-01-25,71.0,0.28,19.880000000000003,False
2016-01-26,78.0,0.28,21.840000000000003,False
2016-01-27,77.0,0.28,21.560000000000002,False
2016-01-28,81.0,0.28,22.680000000000003,False
2016-01-29,63.0,0.28,17.64,False
2016-01-30,40.0,0.28,11.200000000000001,False
2016-01-31,40.0,0.28,11.200000000000001,False
2016-02-01,94.0,0.28,26.320000000000004,False
2016-02-02,88.0,0.28,24.64,False
2016-02-03,94.0,0.28,26.320000000000004,False
2016-02-04,93.0,0.28,26.040000000000003,False
2016-02-05,72.0,0.28,20.160000000000004,False
2016-02-06,33.0,0.28,9.24,False
2016-02-07,33.0,0.28,9.24,False
2016-02-08,84.0,0.28,23.520000000000003,False
2016-02-09,86.0,0.28,24.080000000000002,False
2016-02-10,100.0,0.28,28.000000000000004,False
2016-02-11,79.0,0.28,22.12,False
2016-02-12,60.0,0.28,16.8,False
2016-02-13,33.0,0.28,9.24,False
2016-02-14,32.0,0.28,8.96,False
2016-02-15,77.0,0.28,21.560000000000002,False
2016-02-16,91.0,0.28,25.480000000000004,False
2016-02-17,67.0,0.28,18.76,False
2016-02-18,74.0,0.28,20.720000000000002,False
2016-02-19,52.0,0.28,14.560000000000002,False
2016-02-20,28.0,0.28,7.840000000000001,False
2016-02-21,40.0,0.28,11.200000000000001,False
2016-02-22,78.0,0.28,21.840000000000003,False
2016-02-23,68.0,0.28,19.040000000000003,False
2016-02-24,83.0,0.28,23.240000000000002,False
2016-02-25,61.0,0.28,17.080000000000002,False
2016-02-26,54.0,0.28,15.120000000000001,False
2016-02-27,30.0,0.28,8.4,False
2016-02-28,39.0,0.28,10.920000000000002,False
2016-02-29,67.0,0.28,18.76,False
2016-03-01,93.0,0.25,23.25,False
2016-03-02,90.0,0.25,22.5,False
2016-03-03,92.0,0.25,23.0,False
2016-03-04,54.0,0.25,13.5,False
2016-03-05,38.0,0.25,9.5,False
2016-03-06,51.0,0.25,12.75,False
2016-03-07,90.0,0.25,22.5,False
2016-03-08,100.0,0.25,25.0,False
2016-03-09,85.0,0.25,21.25,False
2016-03-10,98.0,0.25,24.5,False
2016-03-11,74.0,0.25,18.5,False
2016-03-12,43.0,0.25,10.75,False
2016-03-13,46.0,0.25,11.5,False
2016-03-14,79.0,0.25,19.75,False
2016-03-15,65.0,0.25,16.25,False
2016-03-16,83.0,0.25,20.75,False
2016-03-17,56.0,0.25,14.0,False
2016-03-18,52.0,0.25,13.0,False
2016-03-19,28.0,0.25,7.0,False
2016-03-20,31.0,0.25,7.75,False
2016-03-21,58.0,0.25,14.5,False
2016-03-22,57.0,0.25,14.25,False
2016-03-23,52.0,0.25,13.0,False
2016-03-24,33.0,0.25,8.25,False
2016-03-25,30.0,0.25,7.5,False
2016-03-26,25.0,0.25,6.25,False
2016-03-27,36.0,0.25,9.0,False
2016-03-28,58.0,0.25,14.5,False
2016-03-29,77.0,0.25,19.25,False
2016-03-30,83.0,0.25,20.75,False
2016-03-31,75.0,0.25,18.75,False
2016-04-01,62.0,0.25,15.5,False
2016-04-02,31.0,0.25,7.75,False
2016-04-03,40.0,0.25,10.0,False
2016-04-04,84.0,0.25,21.0,False
2016-04-05,82.0,0.25,20.5,False
2016-04-06,80.0,0.25,20.0,False
2016-04-07,76.0,0.25,19.0,False
2016-04-08,56.0,0.25,14.0,False
2016-04-09,37.0,0.25,9.25,False
2016-04-10,43.0,0.25,10.75,False
2016-04-11,100.0,0.25,25.0,False
2016-04-12,77.0,0.25,19.25,False
2016-04-13,67.0,0.25,16.75,False
2016-04-14,66.0,0.25,16.5,False
2016-04-15,72.0,0.25,18.0,False
2016-04-16,33.0,0.25,8.25,False
2016-04-17,42.0,0.25,10.5,False
2016-04-18,73.0,0.25,18.25,False
2016-04-19,76.0,0.25,19.0,False
2016-04-20,68.0,0.25,17.0,False
2016-04-21,71.0,0.25,17.75,False
2016-04-22,56.0,0.25,14.0,False
2016-04-23,31.0,0.25,7.75,False
2016-04-24,35.0,0.25,8.75,False
2016-04-25,61.0,0.25,15.25,False
2016-04-26,72.0,0.25,18.0,False
2016-04-27,55.0,0.25,13.75,False
2016-04-28,69.0,0.25,17.25,False
2016-04-29,62.0,0.25,15.5,False
2016-04-30,31.0,0.25,7.75,False
2016-05-01,46.0,0.26,11.96,False
2016-05-02,70.0,0.26,18.2,False
2016-05-03,89.0,0.26,23.14,False
2016-05-04,91.0,0.26,23.66,False
2016-05-05,88.0,0.26,22.880000000000003,False
2016-05-06,72.0,0.26,18.72,False
2016-05-07,26.0,0.26,6.76,False
2016-05-08,38.0,0.26,9.88,False
2016-05-09,83.0,0.26,21.580000000000002,False
2016-05-10,100.0,0.26,26.0,False
2016-05-11,93.0,0.26,24.18,False
2016-05-12,77.0,0.26,20.02,False
2016-05-13,71.0,0.26,18.46,False
2016-05-14,30.0,0.26,7.800000000000001,False
2016-05-15,41.0,0.26,10.66,False
2016-05-16,81.0,0.26,21.060000000000002,False
2016-05-17,91.0,0.26,23.66,False
2016-05-18,92.0,0.26,23.92,False
2016-05-19,93.0,0.26,24.18,False
2016-05-20,60.0,0.26,15.600000000000001,False
2016-05-21,48.0,0.26,12.48,False
2016-05-22,37.0,0.26,9.620000000000001,False
2016-05-23,79.0,0.26,20.54,False
2016-05-24,70.0,0.26,18.2,False
2016-05-25,81.0,0.26,21.060000000000002,False
2016-05-26,73.0,0.26,18.98,False
2016-05-27,57.0,0.26,14.82,False
2016-05-28,40.0,0.26,10.4,False
2016-05-29,41.0,0.26,10.66,False
2016-05-30,83.0,0.26,21.580000000000002,False
2016-05-31,87.0,0.26,22.62,False
2016-06-01,84.0,0.25,21.0,False
2016-06-02,95.0,0.25,23.75,False
2016-06-03,63.0,0.25,15.75,False
2016-06-04,45.0,0.25,11.25,False
2016-06-05,53.0,0.25,13.25,False
2016-06-06,100.0,0.25,25.0,False
2016-06-07,95.0,0.25,23.75,False
2016-06-08,90.0,0.25,22.5,False
2016-06-09,82.0,0.25,20.5,False
2016-06-10,75.0,0.25,18.75,False
2016-06-11,51.0,0.25,12.75,False
2016-06-12,44.0,0.25,11.0,False
2016-06-13,79.0,0.25,19.75,False
2016-06-14,90.0,0.25,22.5,False
2016-06-15,81.0,0.25,20.25,False
2016-06-16,72.0,0.25,18.0,False
2016-06-17,77.0,0.25,19.25,False
2016-06-18,33.0,0.25,8.25,False
2016-06-19,44.0,0.25,11.0,False
2016-06-20,82.0,0.25,20.5,False
2016-06-21,83.0,0.25,20.75,False
2016-06-22,81.0,0.25,20.25,False
2016-06-23,68.0,0.25,17.0,False
2016-06-24,53.0,0.25,13.25,False
2016-06-25,32.0,0.25,8.0,False
2016-06-26,34.0,0.25,8.5,False
2016-06-27,79.0,0.25,19.75,False
2016-06-28,82.0,0.25,20.5,False
2016-06-29,87.0,0.25,21.75,False
2016-06-30,85.0,0.25,21.25,False
2016-07-01,73.0,0.25,18.25,False
2016-07-02,43.0,0.25,10.75,False
2016-07-03,48.0,0.25,12.0,False
2016-07-04,100.0,0.25,25.0,False
2016-07-05,98.0,0.25,24.5,False
2016-07-06,78.0,0.25,19.5,False
2016-07-07,77.0,0.25,19.25,False
2016-07-08,86.0,0.25,21.5,False
2016-07-09,40.0,0.25,10.0,False
2016-07-10,53.0,0.25,13.25,False
2016-07-11,99.0,0.25,24.75,False
2016-07-12,75.0,0.25,18.75,False
2016-07-13,80.0,0.25,20.0,False
2016-07-14,72.0,0.25,18.0,False
2016-07-15,60.0,0.25,15.0,False
2016-07-16,38.0,0.25,9.5,False
2016-07-17,42.0,0.25,10.5,False
2016-07-18,75.0,0.25,18.75,False
2016-07-19,71.0,0.25,17.75,False
2016-07-20,74.0,0.25,18.5,False
2016-07-21,68.0,0.25,17.0,False
2016-07-22,45.0,0.25,11.25,False
2016-07-23,27.0,0.25,6.75,False
2016-07-24,42.0,0.25,10.5,False
2016-07-25,76.0,0.25,19.0,False
2016-07-26,60.0,0.25,15.0,False
2016-07-27,65.0,0.25,16.25,False
2016-07-28,75.0,0.25,18.75,False
2016-07-29,69.0,0.25,17.25,False
2016-07-30,33.0,0.25,8.25,False
2016-07-31,49.0,0.25,12.25,False
2016-08-01,95.0,0.23,21.85,False
2016-08-02,86.0,0.23,19.78,False
2016-08-03,79.0,0.23,18.17,False
2016-08-04,69.0,0.23,15.870000000000001,False
2016-08-05,64.0,0.23,14.72,False
2016-08-06,18.0,0.23,4.140000000000001,False
2016-08-07,33.0,0.23,7.590000000000001,False
2016-08-08,67.0,0.23,15.41,False
2016-08-09,85.0,0.23,19.55,False
2016-08-10,71.0,0.23,16.330000000000002,False
2016-08-11,66.0,0.23,15.180000000000001,False
2016-08-12,51.0,0.23,11.73,False
2016-08-13,25.0,0.23,5.75,False
2016-08-14,23.0,0.23,5.29,False
2016-08-15,26.0,0.23,5.98,False
2016-08-16,57.0,0.23,13.110000000000001,False
2016-08-17,65.0,0.23,14.950000000000001,False
2016-08-18,71.0,0.23,16.330000000000002,False
2016-08-19,55.0,0.23,12.65,False
2016-08-20,21.0,0.23,4.83,False
2016-08-21,34.0,0.23,7.82,False
2016-08-22,73.0,0.23,16.79,False
2016-08-23,70.0,0.23,16.1,False
2016-08-24,67.0,0.23,15.41,False
2016-08-25,52.0,0.23,11.96,False
2016-08-26,64.0,0.23,14.72,False
2016-08-27,30.0,0.23,6.9,False
2016-08-28,43.0,0.23,9.89,False
2016-08-29,100.0,0.23,23.0,False
2016-08-30,77.0,0.23,17.71,False
2016-08-31,87.0,0.23,20.01,False
2016-09-01,72.0,0.26,18.72,False
2016-09-02,87.0,0.26,22.62,False
2016-09-03,50.0,0.26,13.0,False
2016-09-04,48.0,0.26,12.48,False
2016-09-05,96.0,0.26,24.96,False
2016-09-06,92.0,0.26,23.92,False
2016-09-07,89.0,0.26,23.14,False
2016-09-08,61.0,0.26,15.860000000000001,False
2016-09-09,85.0,0.26,22.1,False
2016-09-10,54.0,0.26,14.040000000000001,False
2016-09-11,35.0,0.26,9.1,False
2016-09-12,99.0,0.26,25.740000000000002,False
2016-09-13,91.0,0.26,23.66,False
2016-09-14,84.0,0.26,21.84,False
2016-09-15,100.0,0.26,26.0,False
2016-09-16,67.0,0.26,17.42,False
2016-09-17,31.0,0.26,8.06,False
2016-09-18,40.0,0.26,10.4,False
2016-09-19,83.0,0.26,21.580000000000002,False
2016-09-20,94.0,0.26,24.44,False
2016-09-21,97.0,0.26,25.220000000000002,False
2016-09-22,80.0,0.26,20.8,False
2016-09-23,76.0,0.26,19.76,False
2016-09-24,29.0,0.26,7.54,False
2016-09-25,55.0,0.26,14.3,False
2016-09-26,96.0,0.26,24.96,False
2016-09-27,85.0,0.26,22.1,False
2016-09-28,84.0,0.26,21.84,False
2016-09-29,89.0,0.26,23.14,False
2016-09-30,69.0,0.26,17.94,False
2016-10-01,29.0,0.22,6.38,False
2016-10-02,39.0,0.22,8.58,False
2016-10-03,93.0,0.22,20.46,False
2016-10-04,81.0,0.22,17.82,False
2016-10-05,80.0,0.22,17.6,False
2016-10-06,73.0,0.22,16.06,False
2016-10-07,68.0,0.22,14.96,False
2016-10-08,34.0,0.22,7.48,False
2016-10-09,42.0,0.22,9.24,False
2016-10-10,100.0,0.22,22.0,False
2016-10-11,60.0,0.22,13.2,False
2016-10-12,41.0,0.22,9.02,False
2016-10-13,78.0,0.22,17.16,False
2016-10-14,66.0,0.22,14.52,False
2016-10-15,18.0,0.22,3.96,False
2016-10-16,45.0,0.22,9.9,False
2016-10-17,74.0,0.22,16.28,False
2016-10-18,72.0,0.22,15.84,False
2016-10-19,70.0,0.22,15.4,False
2016-10-20,68.0,0.22,14.96,False
2016-10-21,52.0,0.22,11.44,False
2016-10-22,36.0,0.22,7.92,False
2016-10-23,34.0,0.22,7.48,False
2016-10-24,86.0,0.22,18.92,False
2016-10-25,75.0,0.22,16.5,False
2016-10-26,64.0,0.22,14.08,False
2016-10-27,77.0,0.22,16.94,False
2016-10-28,62.0,0.22,13.64,False
2016-10-29,25.0,0.22,5.5,False
2016-10-30,32.0,0.22,7.04,False
2016-10-31,61.0,0.22,13.42,False
2016-11-01,44.0,0.28,12.32,False
2016-11-02,69.0,0.28,19.32,False
2016-11-03,72.0,0.28,20.160000000000004,False
2016-11-04,62.0,0.28,17.360000000000003,False
2016-11-05,34.0,0.28,9.520000000000001,False
2016-11-06,44.0,0.28,12.32,False
2016-11-07,84.0,0.28,23.520000000000003,False
2016-11-08,69.0,0.28,19.32,False
2016-11-09,75.0,0.28,21.000000000000004,False
2016-11-10,100.0,0.28,28.000000000000004,False
2016-11-11,50.0,0.28,14.000000000000002,False
2016-11-12,34.0,0.28,9.520000000000001,False
2016-11-13,40.0,0.28,11.200000000000001,False
2016-11-14,82.0,0.28,22.96,False
2016-11-15,73.0,0.28,20.44,False
2016-11-16,67.0,0.28,18.76,False
2016-11-17,74.0,0.28,20.720000000000002,False
2016-11-18,46.0,0.28,12.88,False
2016-11-19,25.0,0.28,7.000000000000001,False
2016-11-20,40.0,0.28,11.200000000000001,False
2016-11-21,68.0,0.28,19.040000000000003,False
2016-11-22,71.0,0.28,19.880000000000003,False
2016-11-23,66.0,0.28,18.48,False
2016-11-24,68.0,0.28,19.040000000000003,False
2016-11-25,47.0,0.28,13.160000000000002,False
2016-11-26,31.0,0.28,8.680000000000001,False
2016-11-27,31.0,0.28,8.680000000000001,False
2016-11-28,58.0,0.28,16.240000000000002,False
2016-11-29,76.0,0.28,21.28,False
2016-11-30,71.0,0.28,19.880000000000003,False
2016-12-01,100.0,0.21,21.0,False
2016-12-02,86.0,0.21,18.06,False
2016-12-03,37.0,0.21,7.77,False
2016-12-04,40.0,0.21,8.4,False
2016-12-05,75.0,0.21,15.75,False
2016-12-06,45.0,0.21,9.45,False
2016-12-07,82.0,0.21,17.22,False
2016-12-08,45.0,0.21,9.45,False
2016-12-09,79.0,0.21,16.59,False
2016-12-10,50.0,0.21,10.5,False
2016-12-11,51.0,0.21,10.709999999999999,False
2016-12-12,100.0,0.21,21.0,False
2016-12-13,82.0,0.21,17.22,False
2016-12-14,80.0,0.21,16.8,False
2016-12-15,84.0,0.21,17.64,False
2016-12-16,71.0,0.21,14.91,False
2016-12-17,33.0,0.21,6.93,False
2016-12-18,41.0,0.21,8.61,False
2016-12-19,75.0,0.21,15.75,False
2016-12-20,66.0,0.21,13.86,False
2016-12-21,82.0,0.21,17.22,False
2016-12-22,51.0,0.21,10.709999999999999,False
2016-12-23,54.0,0.21,11.34,False
2016-12-24,22.0,0.21,4.62,False
2016-12-25,22.0,0.21,4.62,False
2016-12-26,40.0,0.21,8.4,False
2016-12-27,82.0,0.21,17.22,False
2016-12-28,84.0,0.21,17.64,False
2016-12-29,67.0,0.21,14.07,False
2016-12-30,67.0,0.21,14.07,False
2016-12-31,30.0,0.21,6.3,False
2017-01-01,35.0,0.26,9.1,False
2017-01-02,73.0,0.26,18.98,False
2017-01-03,71.0,0.26,18.46,False
2017-01-04,81.0,0.26,21.060000000000002,False
2017-01-05,61.0,0.26,15.860000000000001,False
2017-01-06,34.0,0.26,8.84,False
2017-01-07,38.0,0.26,9.88,False
2017-01-08,47.0,0.26,12.22,False
2017-01-09,99.0,0.26,25.740000000000002,False
2017-01-10,100.0,0.26,26.0,False
2017-01-11,88.0,0.26,22.880000000000003,False
2017-01-12,79.0,0.26,20.54,False
2017-01-13,62.0,0.26,16.12,False
2017-01-14,31.0,0.26,8.06,False
2017-01-15,43.0,0.26,11.18,False
2017-01-16,90.0,0.26,23.400000000000002,False
2017-01-17,69.0,0.26,17.94,False
2017-01-18,74.0,0.26,19.240000000000002,False
2017-01-19,79.0,0.26,20.54,False
2017-01-20,60.0,0.26,15.600000000000001,False
2017-01-21,40.0,0.26,10.4,False
2017-01-22,46.0,0.26,11.96,False
2017-01-23,85.0,0.26,22.1,False
2017-01-24,79.0,0.26,20.54,False
2017-01-25,69.0,0.26,17.94,False
2017-01-26,74.0,0.26,19.240000000000002,False
2017-01-27,69.0,0.26,17.94,False
2017-01-28,43.0,0.26,11.18,False
2017-01-29,33.0,0.26,8.58,False
2017-01-30,87.0,0.26,22.62,False
2017-01-31,75.0,0.26,19.5,False
2017-02-01,97.0,0.26,25.220000000000002,False
2017-02-02,99.0,0.26,25.740000000000002,False
2017-02-03,69.0,0.26,17.94,False
2017-02-04,32.0,0.26,8.32,False
2017-02-05,47.0,0.26,12.22,False
2017-02-06,100.0,0.26,26.0,False
2017-02-07,96.0,0.26,24.96,False
2017-02-08,80.0,0.26,20.8,False
2017-02-09,82.0,0.26,21.32,False
2017-02-10,77.0,0.26,20.02,False
2017-02-11,37.0,0.26,9.620000000000001,False
2017-02-12,48.0,0.26,12.48,False
2017-02-13,87.0,0.26,22.62,False
2017-02-14,76.0,0.26,19.76,False
2017-02-15,83.0,0.26,21.580000000000002,False
2017-02-16,84.0,0.26,21.84,False
2017-02-17,51.0,0.26,13.26,False
2017-02-18,33.0,0.26,8.58,False
2017-02-19,44.0,0.26,11.440000000000001,False
2017-02-20,86.0,0.26,22.36,False
2017-02-21,80.0,0.26,20.8,False
2017-02-22,70.0,0.26,18.2,False
2017-02-23,65.0,0.26,16.900000000000002,False
2017-02-24,61.0,0.26,15.860000000000001,False
2017-02-25,26.0,0.26,6.76,False
2017-02-26,43.0,0.26,11.18,False
2017-02-27,68.0,0.26,17.68,False
2017-02-28,85.0,0.26,22.1,False
2017-03-01,99.0,0.25,24.75,False
2017-03-02,94.0,0.25,23.5,False
2017-03-03,78.0,0.25,19.5,False
2017-03-04,32.0,0.25,8.0,False
2017-03-05,53.0,0.25,13.25,False
2017-03-06,96.0,0.25,24.0,False
2017-03-07,97.0,0.25,24.25,False
2017-03-08,88.0,0.25,22.0,False
2017-03-09,90.0,0.25,22.5,False
2017-03-10,83.0,0.25,20.75,False
2017-03-11,31.0,0.25,7.75,False
2017-03-12,48.0,0.25,12.0,False
2017-03-13,98.0,0.25,24.5,False
2017-03-14,97.0,0.25,24.25,False
2017-03-15,93.0,0.25,23.25,False
2017-03-16,74.0,0.25,18.5,False
2017-03-17,60.0,0.25,15.0,False
2017-03-18,33.0,0.25,8.25,False
2017-03-19,41.0,0.25,10.25,False
2017-03-20,85.0,0.25,21.25,False
2017-03-21,93.0,0.25,23.25,False
2017-03-22,80.0,0.25,20.0,False
2017-03-23,86.0,0.25,21.5,False
2017-03-24,60.0,0.25,15.0,False
2017-03-25,38.0,0.25,9.5,False
2017-03-26,56.0,0.25,14.0,False
2017-03-27,100.0,0.25,25.0,False
2017-03-28,96.0,0.25,24.0,False
2017-03-29,100.0,0.25,25.0,False
2017-03-30,95.0,0.25,23.75,False
2017-03-31,83.0,0.25,20.75,False
2017-04-01,42.0,0.23,9.66,False
2017-04-02,47.0,0.23,10.81,False
2017-04-03,90.0,0.23,20.7,False
2017-04-04,100.0,0.23,23.0,False
2017-04-05,93.0,0.23,21.39,False
2017-04-06,80.0,0.23,18.400000000000002,False
2017-04-07,68.0,0.23,15.64,False
2017-04-08,36.0,0.23,8.280000000000001,False
2017-04-09,35.0,0.23,8.05,False
2017-04-10,98.0,0.23,22.540000000000003,False
2017-04-11,68.0,0.23,15.64,False
2017-04-12,58.0,0.23,13.34,False
2017-04-13,32.0,0.23,7.36,False
2017-04-14,22.0,0.23,5.0600000000000005,False
2017-04-15,30.0,0.23,6.9,False
2017-04-16,43.0,0.23,9.89,False
2017-04-17,77.0,0.23,17.71,False
2017-04-18,98.0,0.23,22.540000000000003,False
2017-04-19,86.0,0.23,19.78,False
2017-04-20,77.0,0.23,17.71,False
2017-04-21,58.0,0.23,13.34,False
2017-04-22,39.0,0.23,8.97,False
2017-04-23,34.0,0.23,7.82,False
2017-04-24,78.0,0.23,17.94,False
2017-04-25,87.0,0.23,20.01,False
2017-04-26,78.0,0.23,17.94,False
2017-04-27,80.0,0.23,18.400000000000002,False
2017-04-28,72.0,0.23,16.560000000000002,False
2017-04-29,40.0,0.23,9.200000000000001,False
2017-04-30,50.0,0.23,11.5,False
2017-05-01,59.0,0.24,14.16,False
2017-05-02,88.0,0.24,21.119999999999997,False
2017-05-03,99.0,0.24,23.759999999999998,False
2017-05-04,95.0,0.24,22.8,False
2017-05-05,75.0,0.24,18.0,False
2017-05-06,37.0,0.24,8.879999999999999,False
2017-05-07,52.0,0.24,12.48,False
2017-05-08,85.0,0.24,20.4,False
2017-05-09,97.0,0.24,23.279999999999998,False
2017-05-10,100.0,0.24,24.0,False
2017-05-11,96.0,0.24,23.04,False
2017-05-12,71.0,0.24,17.04,False
2017-05-13,25.0,0.24,6.0,False
2017-05-14,45.0,0.24,10.799999999999999,False
2017-05-15,83.0,0.24,19.919999999999998,False
2017-05-16,89.0,0.24,21.36,False
2017-05-17,68.0,0.24,16.32,False
2017-05-18,82.0,0.24,19.68,False
2017-05-19,66.0,0.24,15.84,False
2017-05-20,34.0,0.24,8.16,False
2017-05-21,48.0,0.24,11.52,False
2017-05-22,91.0,0.24,21.84,False
2017-05-23,92.0,0.24,22.08,False
2017-05-24,79.0,0.24,18.96,False
2017-05-25,81.0,0.24,19.439999999999998,False
2017-05-26,62.0,0.24,14.879999999999999,False
2017-05-27,33.0,0.24,7.92,False
2017-05-28,46.0,0.24,11.04,False
2017-05-29,80.0,0.24,19.2,False
2017-05-30,84.0,0.24,20.16,False
2017-05-31,79.0,0.24,18.96,False
2017-06-01,86.0,0.25,21.5,False
2017-06-02,75.0,0.25,18.75,False
2017-06-03,41.0,0.25,10.25,False
2017-06-04,51.0,0.25,12.75,False
2017-06-05,89.0,0.25,22.25,False
2017-06-06,91.0,0.25,22.75,False
2017-06-07,82.0,0.25,20.5,False
2017-06-08,87.0,0.25,21.75,False
2017-06-09,90.0,0.25,22.5,False
2017-06-10,62.0,0.25,15.5,False
2017-06-11,57.0,0.25,14.25,False
2017-06-12,97.0,0.25,24.25,False
2017-06-13,94.0,0.25,23.5,False
2017-06-14,95.0,0.25,23.75,False
2017-06-15,73.0,0.25,18.25,False
2017-06-16,79.0,0.25,19.75,False
2017-06-17,44.0,0.25,11.0,False
2017-06-18,47.0,0.25,11.75,False
2017-06-19,81.0,0.25,20.25,False
2017-06-20,90.0,0.25,22.5,False
2017-06-21,84.0,0.25,21.0,False
2017-06-22,95.0,0.25,23.75,False
2017-06-23,79.0,0.25,19.75,False
2017-06-24,28.0,0.25,7.0,False
2017-06-25,39.0,0.25,9.75,False
2017-06-26,96.0,0.25,24.0,False
2017-06-27,82.0,0.25,20.5,False
2017-06-28,100.0,0.25,25.0,False
2017-06-29,88.0,0.25,22.0,False
2017-06-30,78.0,0.25,19.5,False
2017-07-01,42.0,0.24,10.08,False
2017-07-02,53.0,0.24,12.719999999999999,False
2017-07-03,95.0,0.24,22.8,False
2017-07-04,100.0,0.24,24.0,False
2017-07-05,88.0,0.24,21.119999999999997,False
2017-07-06,87.0,0.24,20.88,False
2017-07-07,64.0,0.24,15.36,False
2017-07-08,37.0,0.24,8.879999999999999,False
2017-07-09,47.0,0.24,11.28,False
2017-07-10,95.0,0.24,22.8,False
2017-07-11,73.0,0.24,17.52,False
2017-07-12,73.0,0.24,17.52,False
2017-07-13,64.0,0.24,15.36,False
2017-07-14,65.0,0.24,15.6,False
2017-07-15,36.0,0.24,8.64,False
2017-07-16,34.0,0.24,8.16,False
2017-07-17,77.0,0.24,18.48,False
2017-07-18,70.0,0.24,16.8,False
2017-07-19,73.0,0.24,17.52,False
2017-07-20,63.0,0.24,15.12,False
2017-07-21,65.0,0.24,15.6,False
2017-07-22,37.0,0.24,8.879999999999999,False
2017-07-23,45.0,0.24,10.799999999999999,False
2017-07-24,74.0,0.24,17.759999999999998,False
2017-07-25,73.0,0.24,17.52,False
2017-07-26,82.0,0.24,19.68,False
2017-07-27,79.0,0.24,18.96,False
2017-07-28,71.0,0.24,17.04,False
2017-07-29,42.0,0.24,10.08,False
2017-07-30,34.0,0.24,8.16,False
2017-07-31,86.0,0.24,20.64,False
2017-08-01,100.0,0.21,21.0,False
2017-08-02,98.0,0.21,20.58,False
2017-08-03,94.0,0.21,19.74,False
2017-08-04,73.0,0.21,15.33,False
2017-08-05,38.0,0.21,7.9799999999999995,False
2017-08-06,44.0,0.21,9.24,False
2017-08-07,85.0,0.21,17.849999999999998,False
2017-08-08,85.0,0.21,17.849999999999998,False
2017-08-09,76.0,0.21,15.959999999999999,False
2017-08-10,95.0,0.21,19.95,False
2017-08-11,74.0,0.21,15.54,False
2017-08-12,45.0,0.21,9.45,False
2017-08-13,40.0,0.21,8.4,False
2017-08-14,76.0,0.21,15.959999999999999,False
2017-08-15,44.0,0.21,9.24,False
2017-08-16,87.0,0.21,18.27,False
2017-08-17,70.0,0.21,14.7,False
2017-08-18,69.0,0.21,14.49,False
2017-08-19,36.0,0.21,7.56,False
2017-08-20,37.0,0.21,7.77,False
2017-08-21,73.0,0.21,15.33,False
2017-08-22,81.0,0.21,17.009999999999998,False
2017-08-23,62.0,0.21,13.02,False
2017-08-24,83.0,0.21,17.43,False
2017-08-25,75.0,0.21,15.75,False
2017-08-26,42.0,0.21,8.82,False
2017-08-27,36.0,0.21,7.56,False
2017-08-28,86.0,0.21,18.06,False
2017-08-29,71.0,0.21,14.91,False
2017-08-30,94.0,0.21,19.74,False
2017-08-31,92.0,0.21,19.32,False
2017-09-01,73.0,0.22,16.06,False
2017-09-02,45.0,0.22,9.9,False
2017-09-03,51.0,0.22,11.22,False
2017-09-04,99.0,0.22,21.78,False
2017-09-05,76.0,0.22,16.72,False
2017-09-06,87.0,0.22,19.14,False
2017-09-07,74.0,0.22,16.28,False
2017-09-08,69.0,0.22,15.18,False
2017-09-09,41.0,0.22,9.02,False
2017-09-10,51.0,0.22,11.22,False
2017-09-11,97.0,0.22,21.34,False
2017-09-12,87.0,0.22,19.14,False
2017-09-13,75.0,0.22,16.5,False
2017-09-14,88.0,0.22,19.36,False
2017-09-15,64.0,0.22,14.08,False
2017-09-16,28.0,0.22,6.16,False
2017-09-17,40.0,0.22,8.8,False
2017-09-18,100.0,0.22,22.0,False
2017-09-19,90.0,0.22,19.8,False
2017-09-20,73.0,0.22,16.06,False
2017-09-21,80.0,0.22,17.6,False
2017-09-22,64.0,0.22,14.08,False
2017-09-23,28.0,0.22,6.16,False
2017-09-24,45.0,0.22,9.9,False
2017-09-25,90.0,0.22,19.8,False
2017-09-26,80.0,0.22,17.6,False
2017-09-27,89.0,0.22,19.580000000000002,False
2017-09-28,76.0,0.22,16.72,False
2017-09-29,83.0,0.22,18.26,False
2017-09-30,41.0,0.22,9.02,False
2017-10-01,46.0,0.24,11.04,False
2017-10-02,100.0,0.24,24.0,False
2017-10-03,99.0,0.24,23.759999999999998,False
2017-10-04,90.0,0.24,21.599999999999998,False
2017-10-05,84.0,0.24,20.16,False
2017-10-06,67.0,0.24,16.08,False
2017-10-07,37.0,0.24,8.879999999999999,False
2017-10-08,49.0,0.24,11.76,False
2017-10-09,90.0,0.24,21.599999999999998,False
2017-10-10,98.0,0.24,23.52,False
2017-10-11,60.0,0.24,14.399999999999999,False
2017-10-12,43.0,0.24,10.32,False
2017-10-13,69.0,0.24,16.56,False
2017-10-14,27.0,0.24,6.4799999999999995,False
2017-10-15,42.0,0.24,10.08,False
2017-10-16,90.0,0.24,21.599999999999998,False
2017-10-17,91.0,0.24,21.84,False
2017-10-18,80.0,0.24,19.2,False
2017-10-19,71.0,0.24,17.04,False
2017-10-20,77.0,0.24,18.48,False
2017-10-21,24.0,0.24,5.76,False
2017-10-22,41.0,0.24,9.84,False
2017-10-23,91.0,0.24,21.84,False
2017-10-24,93.0,0.24,22.32,False
2017-10-25,73.0,0.24,17.52,False
2017-10-26,97.0,0.24,23.279999999999998,False
2017-10-27,76.0,0.24,18.24,False
2017-10-28,31.0,0.24,7.4399999999999995,False
2017-10-29,42.0,0.24,10.08,False
2017-10-30,80.0,0.24,19.2,False
2017-10-31,80.0,0.24,19.2,False
2017-11-01,42.0,0.26,10.92,False
2017-11-02,74.0,0.26,19.240000000000002,False
2017-11-03,64.0,0.26,16.64,False
2017-11-04,30.0,0.26,7.800000000000001,False
2017-11-05,37.0,0.26,9.620000000000001,False
2017-11-06,93.0,0.26,24.18,False
2017-11-07,77.0,0.26,20.02,False
2017-11-08,77.0,0.26,20.02,False
2017-11-09,69.0,0.26,17.94,False
2017-11-10,82.0,0.26,21.32,False
2017-11-11,36.0,0.26,9.36,False
2017-11-12,47.0,0.26,12.22,False
2017-11-13,79.0,0.26,20.54,False
2017-11-14,69.0,0.26,17.94,False
2017-11-15,75.0,0.26,19.5,False
2017-11-16,74.0,0.26,19.240000000000002,False
2017-11-17,66.0,0.26,17.16,False
2017-11-18,37.0,0.26,9.620000000000001,False
2017-11-19,48.0,0.26,12.48,False
2017-11-20,100.0,0.26,26.0,False
2017-11-21,71.0,0.26,18.46,False
2017-11-22,80.0,0.26,20.8,False
2017-11-23,74.0,0.26,19.240000000000002,False
2017-11-24,56.0,0.26,14.56,False
2017-11-25,36.0,0.26,9.36,False
2017-11-26,40.0,0.26,10.4,False
2017-11-27,81.0,0.26,21.060000000000002,False
2017-11-28,78.0,0.26,20.28,False
2017-11-29,81.0,0.26,21.060000000000002,False
2017-11-30,76.0,0.26,19.76,False
2017-12-01,53.0,0.24,12.719999999999999,False
2017-12-02,35.0,0.24,8.4,False
2017-12-03,43.0,0.24,10.32,False
2017-12-04,83.0,0.24,19.919999999999998,False
2017-12-05,68.0,0.24,16.32,False
2017-12-06,35.0,0.24,8.4,False
2017-12-07,53.0,0.24,12.719999999999999,False
2017-12-08,36.0,0.24,8.64,False
2017-12-09,25.0,0.24,6.0,False
2017-12-10,45.0,0.24,10.799999999999999,False
2017-12-11,100.0,0.24,24.0,False
2017-12-12,81.0,0.24,19.439999999999998,False
2017-12-13,84.0,0.24,20.16,False
2017-12-14,84.0,0.24,20.16,False
2017-12-15,55.0,0.24,13.2,False
2017-12-16,33.0,0.24,7.92,False
2017-12-17,49.0,0.24,11.76,False
2017-12-18,78.0,0.24,18.72,False
2017-12-19,78.0,0.24,18.72,False
2017-12-20,67.0,0.24,16.08,False
2017-12-21,65.0,0.24,15.6,False
2017-12-22,37.0,0.24,8.879999999999999,False
2017-12-23,23.0,0.24,5.52,False
2017-12-24,25.0,0.24,6.0,False
2017-12-25,37.0,0.24,8.879999999999999,False
2017-12-26,69.0,0.24,16.56,False
2017-12-27,70.0,0.24,16.8,False
2017-12-28,69.0,0.24,16.56,False
2017-12-29,54.0,0.24,12.959999999999999,False
2017-12-30,42.0,0.24,10.08,False
2017-12-31,24.0,0.24,5.76,False
2018-01-01,34.0,0.27,9.18,False
2018-01-02,77.0,0.27,20.790000000000003,False
2018-01-03,72.0,0.27,19.44,False
2018-01-04,74.0,0.27,19.98,False
2018-01-05,52.0,0.27,14.040000000000001,False
2018-01-06,21.0,0.27,5.67,False
2018-01-07,43.0,0.27,11.610000000000001,False
2018-01-08,82.0,0.27,22.14,False
2018-01-09,89.0,0.27,24.03,False
2018-01-10,100.0,0.27,27.0,False
2018-01-11,92.0,0.27,24.840000000000003,False
2018-01-12,70.0,0.27,18.900000000000002,False
2018-01-13,33.0,0.27,8.91,False
2018-01-14,41.0,0.27,11.07,False
2018-01-15,83.0,0.27,22.41,False
2018-01-16,81.0,0.27,21.87,False
2018-01-17,77.0,0.27,20.790000000000003,False
2018-01-18,76.0,0.27,20.520000000000003,False
2018-01-19,58.0,0.27,15.66,False
2018-01-20,50.0,0.27,13.5,False
2018-01-21,36.0,0.27,9.72,False
2018-01-22,79.0,0.27,21.330000000000002,False
2018-01-23,76.0,0.27,20.520000000000003,False
2018-01-24,72.0,0.27,19.44,False
2018-01-25,64.0,0.27,17.28,False
2018-01-26,65.0,0.27,17.55,False
2018-01-27,37.0,0.27,9.99,False
2018-01-28,36.0,0.27,9.72,False
2018-01-29,81.0,0.27,21.87,False
2018-01-30,82.0,0.27,22.14,False
2018-01-31,84.0,0.27,22.68,False
2018-02-01,94.0,0.25,23.5,False
2018-02-02,77.0,0.25,19.25,False
2018-02-03,40.0,0.25,10.0,False
2018-02-04,46.0,0.25,11.5,False
2018-02-05,91.0,0.25,22.75,False
2018-02-06,85.0,0.25,21.25,False
2018-02-07,82.0,0.25,20.5,False
2018-02-08,84.0,0.25,21.0,False
2018-02-09,73.0,0.25,18.25,False
2018-02-10,58.0,0.25,14.5,False
2018-02-11,46.0,0.25,11.5,False
2018-02-12,100.0,0.25,25.0,False
2018-02-13,80.0,0.25,20.0,False
2018-02-14,74.0,0.25,18.5,False
2018-02-15,92.0,0.25,23.0,False
2018-02-16,76.0,0.25,19.0,False
2018-02-17,31.0,0.25,7.75,False
2018-02-18,48.0,0.25,12.0,False
2018-02-19,91.0,0.25,22.75,False
2018-02-20,86.0,0.25,21.5,False
2018-02-21,84.0,0.25,21.0,False
2018-02-22,72.0,0.25,18.0,False
2018-02-23,66.0,0.25,16.5,False
2018-02-24,34.0,0.25,8.5,False
2018-02-25,48.0,0.25,12.0,False
2018-02-26,88.0,0.25,22.0,False
2018-02-27,79.0,0.25,19.75,False
2018-02-28,64.0,0.25,16.0,False
2018-03-01,100.0,0.23,23.0,False
2018-03-02,77.0,0.23,17.71,False
2018-03-03,56.0,0.23,12.88,False
2018-03-04,47.0,0.23,10.81,False
2018-03-05,91.0,0.23,20.93,False
2018-03-06,88.0,0.23,20.240000000000002,False
2018-03-07,89.0,0.23,20.470000000000002,False
2018-03-08,71.0,0.23,16.330000000000002,False
2018-03-09,66.0,0.23,15.180000000000001,False
2018-03-10,47.0,0.23,10.81,False
2018-03-11,39.0,0.23,8.97,False
2018-03-12,90.0,0.23,20.7,False
2018-03-13,78.0,0.23,17.94,False
2018-03-14,73.0,0.23,16.79,False
2018-03-15,80.0,0.23,18.400000000000002,False
2018-03-16,58.0,0.23,13.34,False
2018-03-17,30.0,0.23,6.9,False
2018-03-18,40.0,0.23,9.200000000000001,False
2018-03-19,73.0,0.23,16.79,False
2018-03-20,80.0,0.23,18.400000000000002,False
2018-03-21,74.0,0.23,17.02,False
2018-03-22,86.0,0.23,19.78,False
2018-03-23,58.0,0.23,13.34,False
2018-03-24,34.0,0.23,7.82,False
2018-03-25,38.0,0.23,8.74,False
2018-03-26,78.0,0.23,17.94,False
2018-03-27,73.0,0.23,16.79,False
2018-03-28,64.0,0.23,14.72,False
2018-03-29,37.0,0.23,8.51,False
2018-03-30,34.0,0.23,7.82,False
2018-03-31,29.0,0.23,6.67,False
2018-04-01,40.0,0.25,10.0,False
2018-04-02,79.0,0.25,19.75,False
2018-04-03,100.0,0.25,25.0,False
2018-04-04,92.0,0.25,23.0,False
2018-04-05,82.0,0.25,20.5,False
2018-04-06,72.0,0.25,18.0,False
2018-04-07,40.0,0.25,10.0,False
2018-04-08,40.0,0.25,10.0,False
2018-04-09,95.0,0.25,23.75,False
2018-04-10,90.0,0.25,22.5,False
2018-04-11,85.0,0.25,21.25,False
2018-04-12,76.0,0.25,19.0,False
2018-04-13,62.0,0.25,15.5,False
2018-04-14,38.0,0.25,9.5,False
2018-04-15,49.0,0.25,12.25,False
2018-04-16,80.0,0.25,20.0,False
2018-04-17,79.0,0.25,19.75,False
2018-04-18,84.0,0.25,21.0,False
2018-04-19,88.0,0.25,22.0,False
2018-04-20,76.0,0.25,19.0,False
2018-04-21,31.0,0.25,7.75,False
2018-04-22,47.0,0.25,11.75,False
2018-04-23,86.0,0.25,21.5,False
2018-04-24,78.0,0.25,19.5,False
2018-04-25,79.0,0.25,19.75,False
2018-04-26,75.0,0.25,18.75,False
2018-04-27,69.0,0.25,17.25,False
2018-04-28,37.0,0.25,9.25,False
2018-04-29,46.0,0.25,11.5,False
2018-04-30,80.0,0.25,20.0,False
2018-05-01,56.0,0.27,15.120000000000001,False
2018-05-02,91.0,0.27,24.57,False
2018-05-03,87.0,0.27,23.490000000000002,False
2018-05-04,73.0,0.27,19.71,False
2018-05-05,41.0,0.27,11.07,False
2018-05-06,39.0,0.27,10.530000000000001,False
2018-05-07,86.0,0.27,23.220000000000002,False
2018-05-08,94.0,0.27,25.380000000000003,False
2018-05-09,88.0,0.27,23.76,False
2018-05-10,100.0,0.27,27.0,False
2018-05-11,83.0,0.27,22.41,False
2018-05-12,25.0,0.27,6.75,False
2018-05-13,44.0,0.27,11.88,False
2018-05-14,92.0,0.27,24.840000000000003,False
2018-05-15,93.0,0.27,25.110000000000003,False
2018-05-16,90.0,0.27,24.3,False
2018-05-17,69.0,0.27,18.630000000000003,False
2018-05-18,65.0,0.27,17.55,False
2018-05-19,32.0,0.27,8.64,False
2018-05-20,47.0,0.27,12.690000000000001,False
2018-05-21,80.0,0.27,21.6,False
2018-05-22,79.0,0.27,21.330000000000002,False
2018-05-23,80.0,0.27,21.6,False
2018-05-24,72.0,0.27,19.44,False
2018-05-25,56.0,0.27,15.120000000000001,False
2018-05-26,41.0,0.27,11.07,False
2018-05-27,47.0,0.27,12.690000000000001,False
2018-05-28,79.0,0.27,21.330000000000002,False
2018-05-29,88.0,0.27,23.76,False
2018-05-30,99.0,0.27,26.73,False
2018-05-31,80.0,0.27,21.6,False
2018-06-01,76.0,0.25,19.0,False
2018-06-02,43.0,0.25,10.75,False
2018-06-03,46.0,0.25,11.5,False
2018-06-04,100.0,0.25,25.0,False
2018-06-05,94.0,0.25,23.5,False
2018-06-06,84.0,0.25,21.0,False
2018-06-07,84.0,0.25,21.0,False
2018-06-08,72.0,0.25,18.0,False
2018-06-09,36.0,0.25,9.0,False
2018-06-10,60.0,0.25,15.0,False
2018-06-11,98.0,0.25,24.5,False
2018-06-12,80.0,0.25,20.0,False
2018-06-13,74.0,0.25,18.5,False
2018-06-14,82.0,0.25,20.5,False
2018-06-15,70.0,0.25,17.5,False
2018-06-16,22.0,0.25,5.5,False
2018-06-17,39.0,0.25,9.75,False
2018-06-18,87.0,0.25,21.75,False
2018-06-19,76.0,0.25,19.0,False
2018-06-20,72.0,0.25,18.0,False
2018-06-21,68.0,0.25,17.0,False
2018-06-22,56.0,0.25,14.0,False
2018-06-23,37.0,0.25,9.25,False
2018-06-24,47.0,0.25,11.75,False
2018-06-25,78.0,0.25,19.5,False
2018-06-26,81.0,0.25,20.25,False
2018-06-27,70.0,0.25,17.5,False
2018-06-28,74.0,0.25,18.5,False
2018-06-29,61.0,0.25,15.25,False
2018-06-30,35.0,0.25,8.75,False
2018-07-01,36.0,0.27,9.72,False
2018-07-02,100.0,0.27,27.0,False
2018-07-03,81.0,0.27,21.87,False
2018-07-04,78.0,0.27,21.060000000000002,False
2018-07-05,90.0,0.27,24.3,False
2018-07-06,63.0,0.27,17.01,False
2018-07-07,32.0,0.27,8.64,False
2018-07-08,32.0,0.27,8.64,False
2018-07-09,80.0,0.27,21.6,False
2018-07-10,83.0,0.27,22.41,False
2018-07-11,78.0,0.27,21.060000000000002,False
2018-07-12,72.0,0.27,19.44,False
2018-07-13,71.0,0.27,19.17,False
2018-07-14,28.0,0.27,7.5600000000000005,False
2018-07-15,43.0,0.27,11.610000000000001,False
2018-07-16,78.0,0.27,21.060000000000002,False
2018-07-17,73.0,0.27,19.71,False
2018-07-18,71.0,0.27,19.17,False
2018-07-19,71.0,0.27,19.17,False
2018-07-20,58.0,0.27,15.66,False
2018-07-21,32.0,0.27,8.64,False
2018-07-22,41.0,0.27,11.07,False
2018-07-23,76.0,0.27,20.520000000000003,False
2018-07-24,73.0,0.27,19.71,False
2018-07-25,60.0,0.27,16.200000000000003,False
2018-07-26,62.0,0.27,16.740000000000002,False
2018-07-27,60.0,0.27,16.200000000000003,False
2018-07-28,27.0,0.27,7.290000000000001,False
2018-07-29,39.0,0.27,10.530000000000001,False
2018-07-30,70.0,0.27,18.900000000000002,False
2018-07-31,66.0,0.27,17.82,False
2018-08-01,100.0,0.23,23.0,False
2018-08-02,81.0,0.23,18.630000000000003,False
2018-08-03,68.0,0.23,15.64,False
2018-08-04,33.0,0.23,7.590000000000001,False
2018-08-05,37.0,0.23,8.51,False
2018-08-06,87.0,0.23,20.01,False
2018-08-07,75.0,0.23,17.25,False
2018-08-08,66.0,0.23,15.180000000000001,False
2018-08-09,71.0,0.23,16.330000000000002,False
2018-08-10,71.0,0.23,16.330000000000002,False
2018-08-11,27.0,0.23,6.21,False
2018-08-12,43.0,0.23,9.89,False
2018-08-13,68.0,0.23,15.64,False
2018-08-14,64.0,0.23,14.72,False
2018-08-15,39.0,0.23,8.97,False
2018-08-16,57.0,0.23,13.110000000000001,False
2018-08-17,55.0,0.23,12.65,False
2018-08-18,35.0,0.23,8.05,False
2018-08-19,44.0,0.23,10.120000000000001,False
2018-08-20,71.0,0.23,16.330000000000002,False
2018-08-21,62.0,0.23,14.26,False
2018-08-22,75.0,0.23,17.25,False
2018-08-23,53.0,0.23,12.190000000000001,False
2018-08-24,52.0,0.23,11.96,False
2018-08-25,40.0,0.23,9.200000000000001,False
2018-08-26,35.0,0.23,8.05,False
2018-08-27,75.0,0.23,17.25,False
2018-08-28,68.0,0.23,15.64,False
2018-08-29,70.0,0.23,16.1,False
2018-08-30,66.0,0.23,15.180000000000001,False
2018-08-31,61.0,0.23,14.030000000000001,False
2018-09-01,34.0,0.25,8.5,False
2018-09-02,36.0,0.25,9.0,False
2018-09-03,84.0,0.25,21.0,False
2018-09-04,98.0,0.25,24.5,False
2018-09-05,82.0,0.25,20.5,False
2018-09-06,75.0,0.25,18.75,False
2018-09-07,57.0,0.25,14.25,False
2018-09-08,30.0,0.25,7.5,False
2018-09-09,44.0,0.25,11.0,False
2018-09-10,100.0,0.25,25.0,False
2018-09-11,85.0,0.25,21.25,False
2018-09-12,88.0,0.25,22.0,False
2018-09-13,81.0,0.25,20.25,False
2018-09-14,61.0,0.25,15.25,False
2018-09-15,34.0,0.25,8.5,False
2018-09-16,39.0,0.25,9.75,False
2018-09-17,81.0,0.25,20.25,False
2018-09-18,75.0,0.25,18.75,False
2018-09-19,69.0,0.25,17.25,False
2018-09-20,72.0,0.25,18.0,False
2018-09-21,74.0,0.25,18.5,False
2018-09-22,31.0,0.25,7.75,False
2018-09-23,43.0,0.25,10.75,False
2018-09-24,75.0,0.25,18.75,False
2018-09-25,74.0,0.25,18.5,False
2018-09-26,70.0,0.25,17.5,False
2018-09-27,83.0,0.25,20.75,False
2018-09-28,65.0,0.25,16.25,False
2018-09-29,36.0,0.25,9.0,False
2018-09-30,49.0,0.25,12.25,False
2018-10-01,96.0,0.27,25.92,False
2018-10-02,97.0,0.27,26.19,False
2018-10-03,92.0,0.27,24.840000000000003,False
2018-10-04,74.0,0.27,19.98,False
2018-10-05,83.0,0.27,22.41,False
2018-10-06,34.0,0.27,9.18,False
2018-10-07,35.0,0.27,9.450000000000001,False
2018-10-08,77.0,0.27,20.790000000000003,False
2018-10-09,75.0,0.27,20.25,False
2018-10-10,100.0,0.27,27.0,False
2018-10-11,82.0,0.27,22.14,False
2018-10-12,38.0,0.27,10.260000000000002,False
2018-10-13,40.0,0.27,10.8,False
2018-10-14,46.0,0.27,12.420000000000002,False
2018-10-15,91.0,0.27,24.57,False
2018-10-16,85.0,0.27,22.950000000000003,False
2018-10-17,85.0,0.27,22.950000000000003,False
2018-10-18,81.0,0.27,21.87,False
2018-10-19,75.0,0.27,20.25,False
2018-10-20,39.0,0.27,10.530000000000001,False
2018-10-21,38.0,0.27,10.260000000000002,False
2018-10-22,85.0,0.27,22.950000000000003,False
2018-10-23,79.0,0.27,21.330000000000002,False
2018-10-24,81.0,0.27,21.87,False
2018-10-25,93.0,0.27,25.110000000000003,False
2018-10-26,62.0,0.27,16.740000000000002,False
2018-10-27,38.0,0.27,10.260000000000002,False
2018-10-28,38.0,0.27,10.260000000000002,False
2018-10-29,87.0,0.27,23.490000000000002,False
2018-10-30,74.0,0.27,19.98,False
2018-10-31,70.0,0.27,18.900000000000002,False
2018-11-01,43.0,0.24,10.32,False
2018-11-02,53.0,0.24,12.719999999999999,False
2018-11-03,33.0,0.24,7.92,False
2018-11-04,44.0,0.24,10.559999999999999,False
2018-11-05,96.0,0.24,23.04,False
2018-11-06,80.0,0.24,19.2,False
2018-11-07,66.0,0.24,15.84,False
2018-11-08,73.0,0.24,17.52,False
2018-11-09,69.0,0.24,16.56,False
2018-11-10,61.0,0.24,14.639999999999999,False
2018-11-11,45.0,0.24,10.799999999999999,False
2018-11-12,100.0,0.24,24.0,False
2018-11-13,80.0,0.24,19.2,False
2018-11-14,68.0,0.24,16.32,False
2018-11-15,65.0,0.24,15.6,False
2018-11-16,56.0,0.24,13.44,False
2018-11-17,44.0,0.24,10.559999999999999,False
2018-11-18,39.0,0.24,9.36,False
2018-11-19,64.0,0.24,15.36,False
2018-11-20,67.0,0.24,16.08,False
2018-11-21,65.0,0.24,15.6,False
2018-11-22,63.0,0.24,15.12,False
2018-11-23,50.0,0.24,12.0,False
2018-11-24,23.0,0.24,5.52,False
2018-11-25,37.0,0.24,8.879999999999999,False
2018-11-26,68.0,0.24,16.32,False
2018-11-27,74.0,0.24,17.759999999999998,False
2018-11-28,73.0,0.24,17.52,False
2018-11-29,77.0,0.24,18.48,False
2018-11-30,62.0,0.24,14.879999999999999,False
2018-12-01,32.0,0.22,7.04,False
2018-12-02,44.0,0.22,9.68,False
2018-12-03,91.0,0.22,20.02,False
2018-12-04,80.0,0.22,17.6,False
2018-12-05,73.0,0.22,16.06,False
2018-12-06,50.0,0.22,11.0,False
2018-12-07,55.0,0.22,12.1,False
2018-12-08,34.0,0.22,7.48,False
2018-12-09,45.0,0.22,9.9,False
2018-12-10,100.0,0.22,22.0,False
2018-12-11,78.0,0.22,17.16,False
2018-12-12,67.0,0.22,14.74,False
2018-12-13,76.0,0.22,16.72,False
2018-12-14,74.0,0.22,16.28,False
2018-12-15,28.0,0.22,6.16,False
2018-12-16,37.0,0.22,8.14,False
2018-12-17,77.0,0.22,16.94,False
2018-12-18,79.0,0.22,17.38,False
2018-12-19,70.0,0.22,15.4,False
2018-12-20,58.0,0.22,12.76,False
2018-12-21,53.0,0.22,11.66,False
2018-12-22,21.0,0.22,4.62,False
2018-12-23,33.0,0.22,7.26,False
2018-12-24,28.0,0.22,6.16,False
2018-12-25,42.0,0.22,9.24,False
2018-12-26,70.0,0.22,15.4,False
2018-12-27,73.0,0.22,16.06,False
2018-12-28,66.0,0.22,14.52,False
2018-12-29,51.0,0.22,11.22,False
2018-12-30,50.0,0.22,11.0,False
2018-12-31,36.0,0.22,7.92,False
2019-01-01,50.0,0.29,14.499999999999998,False
2019-01-02,98.0,0.29,28.419999999999998,False
2019-01-03,92.0,0.29,26.68,False
2019-01-04,69.0,0.29,20.009999999999998,False
2019-01-05,26.0,0.29,7.539999999999999,False
2019-01-06,33.0,0.29,9.569999999999999,False
2019-01-07,51.0,0.29,14.79,False
2019-01-08,96.0,0.29,27.839999999999996,False
2019-01-09,89.0,0.29,25.81,False
2019-01-10,100.0,0.29,28.999999999999996,False
2019-01-11,80.0,0.29,23.2,False
2019-01-12,44.0,0.29,12.76,False
2019-01-13,38.0,0.29,11.02,False
2019-01-14,90.0,0.29,26.099999999999998,False
2019-01-15,81.0,0.29,23.49,False
2019-01-16,92.0,0.29,26.68,False
2019-01-17,77.0,0.29,22.33,False
2019-01-18,63.0,0.29,18.27,False
2019-01-19,33.0,0.29,9.569999999999999,False
2019-01-20,35.0,0.29,10.149999999999999,False
2019-01-21,74.0,0.29,21.459999999999997,False
2019-01-22,83.0,0.29,24.069999999999997,False
2019-01-23,70.0,0.29,20.299999999999997,False
2019-01-24,62.0,0.29,17.98,False
2019-01-25,57.0,0.29,16.529999999999998,False
2019-01-26,31.0,0.29,8.99,False
2019-01-27,34.0,0.29,9.86,False
2019-01-28,72.0,0.29,20.88,False
2019-01-29,83.0,0.29,24.069999999999997,False
2019-01-30,70.0,0.29,20.299999999999997,False
2019-01-31,92.0,0.29,26.68,False
2019-02-01,66.0,0.27,17.82,False
2019-02-02,44.0,0.27,11.88,False
2019-02-03,40.0,0.27,10.8,False
2019-02-04,89.0,0.27,24.03,False
2019-02-05,92.0,0.27,24.840000000000003,False
2019-02-06,88.0,0.27,23.76,False
2019-02-07,75.0,0.27,20.25,False
2019-02-08,73.0,0.27,19.71,False
2019-02-09,21.0,0.27,5.67,False
2019-02-10,60.0,0.27,16.200000000000003,False
2019-02-11,100.0,0.27,27.0,False
2019-02-12,89.0,0.27,24.03,False
2019-02-13,85.0,0.27,22.950000000000003,False
2019-02-14,74.0,0.27,19.98,False
2019-02-15,66.0,0.27,17.82,False
2019-02-16,40.0,0.27,10.8,False
2019-02-17,41.0,0.27,11.07,False
2019-02-18,80.0,0.27,21.6,False
2019-02-19,87.0,0.27,23.490000000000002,False
2019-02-20,80.0,0.27,21.6,False
2019-02-21,72.0,0.27,19.44,False
2019-02-22,69.0,0.27,18.630000000000003,False
2019-02-23,31.0,0.27,8.370000000000001,False
2019-02-24,37.0,0.27,9.99,False
2019-02-25,81.0,0.27,21.87,False
2019-02-26,80.0,0.27,21.6,False
2019-02-27,80.0,0.27,21.6,False
2019-02-28,65.0,0.27,17.55,False
2019-03-01,49.0,0.31,15.19,False
2019-03-02,24.0,0.31,7.4399999999999995,False
2019-03-03,35.0,0.31,10.85,False
2019-03-04,69.0,0.31,21.39,False
2019-03-05,64.0,0.31,19.84,False
2019-03-06,68.0,0.31,21.08,False
2019-03-07,70.0,0.31,21.7,False
2019-03-08,81.0,0.31,25.11,False
2019-03-09,51.0,0.31,15.81,False
2019-03-10,54.0,0.31,16.74,False
2019-03-11,90.0,0.31,27.9,False
2019-03-12,90.0,0.31,27.9,False
2019-03-13,100.0,0.31,31.0,False
2019-03-14,73.0,0.31,22.63,False
2019-03-15,67.0,0.31,20.77,False
2019-03-16,33.0,0.31,10.23,False
2019-03-17,33.0,0.31,10.23,False
2019-03-18,70.0,0.31,21.7,False
2019-03-19,67.0,0.31,20.77,False
2019-03-20,55.0,0.31,17.05,False
2019-03-21,62.0,0.31,19.22,False
2019-03-22,51.0,0.31,15.81,False
2019-03-23,31.0,0.31,9.61,False
2019-03-24,33.0,0.31,10.23,False
2019-03-25,61.0,0.31,18.91,False
2019-03-26,65.0,0.31,20.15,False
2019-03-27,60.0,0.31,18.6,False
2019-03-28,55.0,0.31,17.05,False
2019-03-29,52.0,0.31,16.12,False
2019-03-30,28.0,0.31,8.68,False
2019-03-31,34.0,0.31,10.54,False
2019-04-01,96.0,0.25,24.0,False
2019-04-02,98.0,0.25,24.5,False
2019-04-03,86.0,0.25,21.5,False
2019-04-04,83.0,0.25,20.75,False
2019-04-05,71.0,0.25,17.75,False
2019-04-06,40.0,0.25,10.0,False
2019-04-07,57.0,0.25,14.25,False
2019-04-08,78.0,0.25,19.5,False
2019-04-09,85.0,0.25,21.25,False
2019-04-10,100.0,0.25,25.0,False
2019-04-11,77.0,0.25,19.25,False
2019-04-12,63.0,0.25,15.75,False
2019-04-13,30.0,0.25,7.5,False
2019-04-14,40.0,0.25,10.0,False
2019-04-15,57.0,0.25,14.25,False
2019-04-16,59.0,0.25,14.75,False
2019-04-17,35.0,0.25,8.75,False
2019-04-18,34.0,0.25,8.5,False
2019-04-19,27.0,0.25,6.75,False
2019-04-20,27.0,0.25,6.75,False
2019-04-21,30.0,0.25,7.5,False
2019-04-22,80.0,0.25,20.0,False
2019-04-23,75.0,0.25,18.75,False
2019-04-24,84.0,0.25,21.0,False
2019-04-25,79.0,0.25,19.75,False
2019-04-26,62.0,0.25,15.5,False
2019-04-27,32.0,0.25,8.0,False
2019-04-28,36.0,0.25,9.0,False
2019-04-29,67.0,0.25,16.75,False
2019-04-30,74.0,0.25,18.5,False
2019-05-01,58.0,0.26,15.08,False
2019-05-02,72.0,0.26,18.72,False
2019-05-03,71.0,0.26,18.46,False
2019-05-04,46.0,0.26,11.96,False
2019-05-05,53.0,0.26,13.780000000000001,False
2019-05-06,100.0,0.26,26.0,False
2019-05-07,89.0,0.26,23.14,False
2019-05-08,72.0,0.26,18.72,False
2019-05-09,80.0,0.26,20.8,False
2019-05-10,75.0,0.26,19.5,False
2019-05-11,31.0,0.26,8.06,False
2019-05-12,41.0,0.26,10.66,False
2019-05-13,96.0,0.26,24.96,False
2019-05-14,91.0,0.26,23.66,False
2019-05-15,76.0,0.26,19.76,False
2019-05-16,77.0,0.26,20.02,False
2019-05-17,54.0,0.26,14.040000000000001,False
2019-05-18,34.0,0.26,8.84,False
2019-05-19,42.0,0.26,10.92,False
2019-05-20,74.0,0.26,19.240000000000002,False
2019-05-21,80.0,0.26,20.8,False
2019-05-22,71.0,0.26,18.46,False
2019-05-23,77.0,0.26,20.02,False
2019-05-24,67.0,0.26,17.42,False
2019-05-25,39.0,0.26,10.14,False
2019-05-26,33.0,0.26,8.58,False
2019-05-27,78.0,0.26,20.28,False
2019-05-28,72.0,0.26,18.72,False
2019-05-29,77.0,0.26,20.02,False
2019-05-30,77.0,0.26,20.02,False
2019-05-31,67.0,0.26,17.42,False
2019-06-01,33.0,0.26,8.58,False
2019-06-02,42.0,0.26,10.92,False
2019-06-03,86.0,0.26,22.36,False
2019-06-04,92.0,0.26,23.92,False
2019-06-05,88.0,0.26,22.880000000000003,False
2019-06-06,100.0,0.26,26.0,False
2019-06-07,65.0,0.26,16.900000000000002,False
2019-06-08,45.0,0.26,11.700000000000001,False
2019-06-09,57.0,0.26,14.82,False
2019-06-10,97.0,0.26,25.220000000000002,False
2019-06-11,98.0,0.26,25.48,False
2019-06-12,84.0,0.26,21.84,False
2019-06-13,84.0,0.26,21.84,False
2019-06-14,66.0,0.26,17.16,False
2019-06-15,34.0,0.26,8.84,False
2019-06-16,39.0,0.26,10.14,False
2019-06-17,92.0,0.26,23.92,False
2019-06-18,99.0,0.26,25.740000000000002,False
2019-06-19,89.0,0.26,23.14,False
2019-06-20,71.0,0.26,18.46,False
2019-06-21,64.0,0.26,16.64,False
2019-06-22,38.0,0.26,9.88,False
2019-06-23,29.0,0.26,7.54,False
2019-06-24,74.0,0.26,19.240000000000002,False
2019-06-25,100.0,0.26,26.0,False
2019-06-26,81.0,0.26,21.060000000000002,False
2019-06-27,76.0,0.26,19.76,False
2019-06-28,87.0,0.26,22.62,False
2019-06-29,41.0,0.26,10.66,False
2019-06-30,43.0,0.26,11.18,False
2019-07-01,97.0,0.23,22.310000000000002,False
2019-07-02,100.0,0.23,23.0,False
2019-07-03,82.0,0.23,18.86,False
2019-07-04,92.0,0.23,21.16,False
2019-07-05,65.0,0.23,14.950000000000001,False
2019-07-06,40.0,0.23,9.200000000000001,False
2019-07-07,48.0,0.23,11.040000000000001,False
2019-07-08,76.0,0.23,17.48,False
2019-07-09,85.0,0.23,19.55,False
2019-07-10,90.0,0.23,20.7,False
2019-07-11,88.0,0.23,20.240000000000002,False
2019-07-12,61.0,0.23,14.030000000000001,False
2019-07-13,32.0,0.23,7.36,False
2019-07-14,34.0,0.23,7.82,False
2019-07-15,77.0,0.23,17.71,False
2019-07-16,77.0,0.23,17.71,False
2019-07-17,76.0,0.23,17.48,False
2019-07-18,60.0,0.23,13.8,False
2019-07-19,63.0,0.23,14.49,False
2019-07-20,24.0,0.23,5.5200000000000005,False
2019-07-21,40.0,0.23,9.200000000000001,False
2019-07-22,92.0,0.23,21.16,False
2019-07-23,59.0,0.23,13.57,False
2019-07-24,77.0,0.23,17.71,False
2019-07-25,63.0,0.23,14.49,False
2019-07-26,63.0,0.23,14.49,False
2019-07-27,40.0,0.23,9.200000000000001,False
2019-07-28,46.0,0.23,10.58,False
2019-07-29,80.0,0.23,18.400000000000002,False
2019-07-30,70.0,0.23,16.1,False
2019-07-31,81.0,0.23,18.630000000000003,False
2019-08-01,76.0,0.19,14.44,False
2019-08-02,86.0,0.19,16.34,False
2019-08-03,40.0,0.19,7.6,False
2019-08-04,53.0,0.19,10.07,False
2019-08-05,74.0,0.19,14.06,False
2019-08-06,88.0,0.19,16.72,False
2019-08-07,86.0,0.19,16.34,False
2019-08-08,79.0,0.19,15.01,False
2019-08-09,72.0,0.19,13.68,False
2019-08-10,75.0,0.19,14.25,False
2019-08-11,61.0,0.19,11.59,False
2019-08-12,87.0,0.19,16.53,False
2019-08-13,73.0,0.19,13.870000000000001,False
2019-08-14,74.0,0.19,14.06,False
2019-08-15,45.0,0.19,8.55,False
2019-08-16,71.0,0.19,13.49,False
2019-08-17,39.0,0.19,7.41,False
2019-08-18,41.0,0.19,7.79,False
2019-08-19,78.0,0.19,14.82,False
2019-08-20,78.0,0.19,14.82,False
2019-08-21,71.0,0.19,13.49,False
2019-08-22,74.0,0.19,14.06,False
2019-08-23,67.0,0.19,12.73,False
2019-08-24,33.0,0.19,6.2700000000000005,False
2019-08-25,45.0,0.19,8.55,False
2019-08-26,82.0,0.19,15.58,False
2019-08-27,78.0,0.19,14.82,False
2019-08-28,100.0,0.19,19.0,False
2019-08-29,62.0,0.19,11.78,False
2019-08-30,64.0,0.19,12.16,False
2019-08-31,46.0,0.19,8.74,False
2019-09-01,40.0,0.27,10.8,False
2019-09-02,88.0,0.27,23.76,False
2019-09-03,100.0,0.27,27.0,False
2019-09-04,78.0,0.27,21.060000000000002,False
2019-09-05,68.0,0.27,18.36,False
2019-09-06,71.0,0.27,19.17,False
2019-09-07,34.0,0.27,9.18,False
2019-09-08,39.0,0.27,10.530000000000001,False
2019-09-09,82.0,0.27,22.14,False
2019-09-10,97.0,0.27,26.19,False
2019-09-11,61.0,0.27,16.470000000000002,False
2019-09-12,71.0,0.27,19.17,False
2019-09-13,48.0,0.27,12.96,False
2019-09-14,23.0,0.27,6.210000000000001,False
2019-09-15,34.0,0.27,9.18,False
2019-09-16,83.0,0.27,22.41,False
2019-09-17,67.0,0.27,18.09,False
2019-09-18,76.0,0.27,20.520000000000003,False
2019-09-19,76.0,0.27,20.520000000000003,False
2019-09-20,65.0,0.27,17.55,False
2019-09-21,35.0,0.27,9.450000000000001,False
2019-09-22,42.0,0.27,11.34,False
2019-09-23,77.0,0.27,20.790000000000003,False
2019-09-24,79.0,0.27,21.330000000000002,False
2019-09-25,73.0,0.27,19.71,False
2019-09-26,62.0,0.27,16.740000000000002,False
2019-09-27,58.0,0.27,15.66,False
2019-09-28,38.0,0.27,10.260000000000002,False
2019-09-29,45.0,0.27,12.15,False
2019-09-30,84.0,0.27,22.68,False
2019-10-01,93.0,0.26,24.18,False
2019-10-02,99.0,0.26,25.740000000000002,False
2019-10-03,99.0,0.26,25.740000000000002,False
2019-10-04,75.0,0.26,19.5,False
2019-10-05,40.0,0.26,10.4,False
2019-10-06,48.0,0.26,12.48,False
2019-10-07,86.0,0.26,22.36,False
2019-10-08,92.0,0.26,23.92,False
2019-10-09,90.0,0.26,23.400000000000002,False
2019-10-10,100.0,0.26,26.0,False
2019-10-11,66.0,0.26,17.16,False
2019-10-12,50.0,0.26,13.0,False
2019-10-13,50.0,0.26,13.0,False
2019-10-14,96.0,0.26,24.96,False
2019-10-15,81.0,0.26,21.060000000000002,False
2019-10-16,80.0,0.26,20.8,False
2019-10-17,78.0,0.26,20.28,False
2019-10-18,59.0,0.26,15.34,False
2019-10-19,37.0,0.26,9.620000000000001,False
2019-10-20,37.0,0.26,9.620000000000001,False
2019-10-21,85.0,0.26,22.1,False
2019-10-22,77.0,0.26,20.02,False
2019-10-23,70.0,0.26,18.2,False
2019-10-24,86.0,0.26,22.36,False
2019-10-25,72.0,0.26,18.72,False
2019-10-26,38.0,0.26,9.88,False
2019-10-27,41.0,0.26,10.66,False
2019-10-28,85.0,0.26,22.1,False
2019-10-29,86.0,0.26,22.36,False
2019-10-30,71.0,0.26,18.46,False
2019-10-31,62.0,0.26,16.12,False
2019-11-01,42.0,0.23,9.66,False
2019-11-02,35.0,0.23,8.05,False
2019-11-03,51.0,0.23,11.73,False
2019-11-04,100.0,0.23,23.0,False
2019-11-05,91.0,0.23,20.93,False
2019-11-06,84.0,0.23,19.32,False
2019-11-07,76.0,0.23,17.48,False
2019-11-08,68.0,0.23,15.64,False
2019-11-09,43.0,0.23,9.89,False
2019-11-10,50.0,0.23,11.5,False
2019-11-11,93.0,0.23,21.39,False
2019-11-12,98.0,0.23,22.540000000000003,False
2019-11-13,80.0,0.23,18.400000000000002,False
2019-11-14,70.0,0.23,16.1,False
2019-11-15,64.0,0.23,14.72,False
2019-11-16,40.0,0.23,9.200000000000001,False
2019-11-17,40.0,0.23,9.200000000000001,False
2019-11-18,91.0,0.23,20.93,False
2019-11-19,82.0,0.23,18.86,False
2019-11-20,90.0,0.23,20.7,False
2019-11-21,79.0,0.23,18.17,False
2019-11-22,72.0,0.23,16.560000000000002,False
2019-11-23,39.0,0.23,8.97,False
2019-11-24,42.0,0.23,9.66,False
2019-11-25,80.0,0.23,18.400000000000002,False
2019-11-26,81.0,0.23,18.630000000000003,False
2019-11-27,78.0,0.23,17.94,False
2019-11-28,74.0,0.23,17.02,False
2019-11-29,58.0,0.23,13.34,False
2019-11-30,34.0,0.23,7.82,False
2019-12-01,49.0,0.21,10.29,False
2019-12-02,85.0,0.21,17.849999999999998,False
2019-12-03,100.0,0.21,21.0,False
2019-12-04,76.0,0.21,15.959999999999999,False
2019-12-05,56.0,0.21,11.76,False
2019-12-06,37.0,0.21,7.77,False
2019-12-07,48.0,0.21,10.08,False
2019-12-08,33.0,0.21,6.93,False
2019-12-09,64.0,0.21,13.44,False
2019-12-10,96.0,0.21,20.16,False
2019-12-11,87.0,0.21,18.27,False
2019-12-12,88.0,0.21,18.48,False
2019-12-13,67.0,0.21,14.07,False
2019-12-14,37.0,0.21,7.77,False
2019-12-15,52.0,0.21,10.92,False
2019-12-16,82.0,0.21,17.22,False
2019-12-17,88.0,0.21,18.48,False
2019-12-18,76.0,0.21,15.959999999999999,False
2019-12-19,72.0,0.21,15.12,False
2019-12-20,52.0,0.21,10.92,False
2019-12-21,32.0,0.21,6.72,False
2019-12-22,34.0,0.21,7.14,False
2019-12-23,56.0,0.21,11.76,False
2019-12-24,35.0,0.21,7.35,False
2019-12-25,39.0,0.21,8.19,False
2019-12-26,72.0,0.21,15.12,False
2019-12-27,67.0,0.21,14.07,False
2019-12-28,45.0,0.21,9.45,False
2019-12-29,41.0,0.21,8.61,False
2019-12-30,66.0,0.21,13.86,False
2019-12-31,44.0,0.21,9.24,False
2020-01-01,46.0,0.3,13.799999999999999,False
2020-01-02,78.0,0.3,23.4,False
2020-01-03,75.0,0.3,22.5,False
2020-01-04,38.0,0.3,11.4,False
2020-01-05,38.0,0.3,11.4,False
2020-01-06,44.0,0.3,13.2,False
2020-01-07,88.0,0.3,26.4,False
2020-01-08,97.0,0.3,29.099999999999998,False
2020-01-09,100.0,0.3,30.0,False
2020-01-10,100.0,0.3,30.0,False
2020-01-11,47.0,0.3,14.1,False
2020-01-12,44.0,0.3,13.2,False
2020-01-13,98.0,0.3,29.4,False
2020-01-14,93.0,0.3,27.9,False
2020-01-15,85.0,0.3,25.5,False
2020-01-16,80.0,0.3,24.0,False
2020-01-17,77.0,0.3,23.099999999999998,False
2020-01-18,39.0,0.3,11.7,False
2020-01-19,48.0,0.3,14.399999999999999,False
2020-01-20,75.0,0.3,22.5,False
2020-01-21,86.0,0.3,25.8,False
2020-01-22,74.0,0.3,22.2,False
2020-01-23,83.0,0.3,24.9,False
2020-01-24,70.0,0.3,21.0,False
2020-01-25,38.0,0.3,11.4,False
2020-01-26,41.0,0.3,12.299999999999999,False
2020-01-27,88.0,0.3,26.4,False
2020-01-28,82.0,0.3,24.599999999999998,False
2020-01-29,77.0,0.3,23.099999999999998,False
2020-01-30,74.0,0.3,22.2,False
2020-01-31,67.0,0.3,20.099999999999998,False
2020-02-01,34.0,0.28,9.520000000000001,False
2020-02-02,40.0,0.28,11.200000000000001,False
2020-02-03,82.0,0.28,22.96,False
2020-02-04,94.0,0.28,26.320000000000004,False
2020-02-05,77.0,0.28,21.560000000000002,False
2020-02-06,76.0,0.28,21.28,False
2020-02-07,70.0,0.28,19.6,False
2020-02-08,42.0,0.28,11.760000000000002,False
2020-02-09,42.0,0.28,11.760000000000002,False
2020-02-10,100.0,0.28,28.000000000000004,False
2020-02-11,80.0,0.28,22.400000000000002,False
2020-02-12,70.0,0.28,19.6,False
2020-02-13,68.0,0.28,19.040000000000003,False
2020-02-14,57.0,0.28,15.96,False
2020-02-15,27.0,0.28,7.5600000000000005,False
2020-02-16,34.0,0.28,9.520000000000001,False
2020-02-17,85.0,0.28,23.8,False
2020-02-18,87.0,0.28,24.360000000000003,False
2020-02-19,71.0,0.28,19.880000000000003,False
2020-02-20,77.0,0.28,21.560000000000002,False
2020-02-21,57.0,0.28,15.96,False
2020-02-22,34.0,0.28,9.520000000000001,False
2020-02-23,37.0,0.28,10.360000000000001,False
2020-02-24,65.0,0.28,18.200000000000003,False
2020-02-25,70.0,0.28,19.6,False
2020-02-26,69.0,0.28,19.32,False
2020-02-27,59.0,0.28,16.520000000000003,False
2020-02-28,46.0,0.28,12.88,False
2020-02-29,32.0,0.28,8.96,False
2020-03-01,10.0,0.86,8.6,False
2020-03-02,19.0,0.86,16.34,False
2020-03-03,19.0,0.86,16.34,False
2020-03-04,18.0,0.86,15.48,False
2020-03-05,15.0,0.86,12.9,False
2020-03-06,14.0,0.86,12.04,False
2020-03-07,8.0,0.86,6.88,False
2020-03-08,9.0,0.86,7.74,False
2020-03-09,18.0,0.86,15.48,False
2020-03-10,21.0,0.86,18.06,False
2020-03-11,17.0,0.86,14.62,False
2020-03-12,18.0,0.86,15.48,False
2020-03-13,24.0,0.86,20.64,False
2020-03-14,20.0,0.86,17.2,False
2020-03-15,24.0,0.86,20.64,False
2020-03-16,60.0,0.86,51.6,False
2020-03-17,86.0,0.86,73.96,False
2020-03-18,100.0,0.86,86.0,False
2020-03-19,78.0,0.86,67.08,False
2020-03-20,82.0,0.86,70.52,False
2020-03-21,34.0,0.86,29.24,False
2020-03-22,32.0,0.86,27.52,False
2020-03-23,83.0,0.86,71.38,False
2020-03-24,77.0,0.86,66.22,False
2020-03-25,72.0,0.86,61.92,False
2020-03-26,72.0,0.86,61.92,False
2020-03-27,69.0,0.86,59.339999999999996,False
2020-03-28,30.0,0.86,25.8,False
2020-03-29,24.0,0.86,20.64,False
2020-03-30,55.0,0.86,47.3,False
2020-03-31,79.0,0.86,67.94,False
2020-04-01,97.0,1.0,97.0,False
2020-04-02,100.0,1.0,100.0,False
2020-04-03,84.0,1.0,84.0,False
2020-04-04,34.0,1.0,34.0,False
2020-04-05,29.0,1.0,29.0,False
2020-04-06,69.0,1.0,69.0,False
2020-04-07,58.0,1.0,58.0,False
2020-04-08,55.0,1.0,55.0,False
2020-04-09,39.0,1.0,39.0,False
2020-04-10,36.0,1.0,36.0,False
2020-04-11,25.0,1.0,25.0,False
2020-04-12,26.0,1.0,26.0,False
2020-04-13,56.0,1.0,56.0,False
2020-04-14,63.0,1.0,63.0,False
2020-04-15,61.0,1.0,61.0,False
2020-04-16,56.0,1.0,56.0,False
2020-04-17,55.0,1.0,55.0,False
2020-04-18,37.0,1.0,37.0,False
2020-04-19,34.0,1.0,34.0,False
2020-04-20,91.0,1.0,91.0,False
2020-04-21,94.0,1.0,94.0,False
2020-04-22,90.0,1.0,90.0,False
2020-04-23,80.0,1.0,80.0,False
2020-04-24,73.0,1.0,73.0,False
2020-04-25,42.0,1.0,42.0,False
2020-04-26,28.0,1.0,28.0,False
2020-04-27,72.0,1.0,72.0,False
2020-04-28,70.0,1.0,70.0,False
2020-04-29,78.0,1.0,78.0,False
2020-04-30,69.0,1.0,69.0,False
2020-05-01,41.0,0.76,31.16,False
2020-05-02,40.0,0.76,30.4,False
2020-05-03,48.0,0.76,36.480000000000004,False
2020-05-04,100.0,0.76,76.0,False
2020-05-05,72.0,0.76,54.72,False
2020-05-06,54.0,0.76,41.04,False
2020-05-07,52.0,0.76,39.52,False
2020-05-08,45.0,0.76,34.2,False
2020-05-09,27.0,0.76,20.52,False
2020-05-10,23.0,0.76,17.48,False
2020-05-11,48.0,0.76,36.480000000000004,False
2020-05-12,49.0,0.76,37.24,False
2020-05-13,44.0,0.76,33.44,False
2020-05-14,47.0,0.76,35.72,False
2020-05-15,43.0,0.76,32.68,False
2020-05-16,20.0,0.76,15.2,False
2020-05-17,21.0,0.76,15.96,False
2020-05-18,44.0,0.76,33.44,False
2020-05-19,44.0,0.76,33.44,False
2020-05-20,42.0,0.76,31.92,False
2020-05-21,42.0,0.76,31.92,False
2020-05-22,33.0,0.76,25.080000000000002,False
2020-05-23,20.0,0.76,15.2,False
2020-05-24,21.0,0.76,15.96,False
2020-05-25,40.0,0.76,30.4,False
2020-05-26,35.0,0.76,26.6,False
2020-05-27,39.0,0.76,29.64,False
2020-05-28,38.0,0.76,28.88,False
2020-05-29,41.0,0.76,31.16,False
2020-05-30,23.0,0.76,17.48,False
2020-05-31,25.0,0.76,19.0,False
2020-06-01,80.0,0.63,50.4,False
2020-06-02,94.0,0.63,59.22,False
2020-06-03,100.0,0.63,63.0,False
2020-06-04,71.0,0.63,44.73,False
2020-06-05,58.0,0.63,36.54,False
2020-06-06,29.0,0.63,18.27,False
2020-06-07,35.0,0.63,22.05,False
2020-06-08,66.0,0.63,41.58,False
2020-06-09,55.0,0.63,34.65,False
2020-06-10,64.0,0.63,40.32,False
2020-06-11,58.0,0.63,36.54,False
2020-06-12,55.0,0.63,34.65,False
2020-06-13,29.0,0.63,18.27,False
2020-06-14,32.0,0.63,20.16,False
2020-06-15,78.0,0.63,49.14,False
2020-06-16,71.0,0.63,44.73,False
2020-06-17,62.0,0.63,39.06,False
2020-06-18,56.0,0.63,35.28,False
2020-06-19,46.0,0.63,28.98,False
2020-06-20,26.0,0.63,16.38,False
2020-06-21,30.0,0.63,18.9,False
2020-06-22,61.0,0.63,38.43,False
2020-06-23,61.0,0.63,38.43,False
2020-06-24,54.0,0.63,34.02,False
2020-06-25,63.0,0.63,39.69,False
2020-06-26,56.0,0.63,35.28,False
2020-06-27,27.0,0.63,17.01,False
2020-06-28,31.0,0.63,19.53,False
2020-06-29,73.0,0.63,45.99,False
2020-06-30,72.0,0.63,45.36,False
2020-07-01,95.0,0.51,48.45,False
2020-07-02,100.0,0.51,51.0,False
2020-07-03,96.0,0.51,48.96,False
2020-07-04,37.0,0.51,18.87,False
2020-07-05,38.0,0.51,19.38,False
2020-07-06,90.0,0.51,45.9,False
2020-07-07,67.0,0.51,34.17,False
2020-07-08,73.0,0.51,37.230000000000004,False
2020-07-09,60.0,0.51,30.6,False
2020-07-10,62.0,0.51,31.62,False
2020-07-11,27.0,0.51,13.77,False
2020-07-12,29.0,0.51,14.790000000000001,False
2020-07-13,69.0,0.51,35.19,False
2020-07-14,66.0,0.51,33.660000000000004,False
2020-07-15,63.0,0.51,32.13,False
2020-07-16,53.0,0.51,27.03,False
2020-07-17,47.0,0.51,23.97,False
2020-07-18,26.0,0.51,13.26,False
2020-07-19,22.0,0.51,11.22,False
2020-07-20,62.0,0.51,31.62,False
2020-07-21,57.0,0.51,29.07,False
2020-07-22,60.0,0.51,30.6,False
2020-07-23,51.0,0.51,26.01,False
2020-07-24,49.0,0.51,24.990000000000002,False
2020-07-25,23.0,0.51,11.73,False
2020-07-26,27.0,0.51,13.77,False
2020-07-27,60.0,0.51,30.6,False
2020-07-28,66.0,0.51,33.660000000000004,False
2020-07-29,52.0,0.51,26.52,False
2020-07-30,55.0,0.51,28.05,False
2020-07-31,58.0,0.51,29.580000000000002,False
2020-08-01,26.0,0.45,11.700000000000001,False
2020-08-02,35.0,0.45,15.75,False
2020-08-03,100.0,0.45,45.0,False
2020-08-04,82.0,0.45,36.9,False
2020-08-05,73.0,0.45,32.85,False
2020-08-06,49.0,0.45,22.05,False
2020-08-07,46.0,0.45,20.7,False
2020-08-08,19.0,0.45,8.55,False
2020-08-09,26.0,0.45,11.700000000000001,False
2020-08-10,59.0,0.45,26.55,False
2020-08-11,51.0,0.45,22.95,False
2020-08-12,44.0,0.45,19.8,False
2020-08-13,43.0,0.45,19.35,False
2020-08-14,38.0,0.45,17.1,False
2020-08-15,24.0,0.45,10.8,False
2020-08-16,20.0,0.45,9.0,False
2020-08-17,51.0,0.45,22.95,False
2020-08-18,45.0,0.45,20.25,False
2020-08-19,41.0,0.45,18.45,False
2020-08-20,50.0,0.45,22.5,False
2020-08-21,39.0,0.45,17.55,False
2020-08-22,21.0,0.45,9.450000000000001,False
2020-08-23,23.0,0.45,10.35,False
2020-08-24,45.0,0.45,20.25,False
2020-08-25,52.0,0.45,23.400000000000002,False
2020-08-26,45.0,0.45,20.25,False
2020-08-27,45.0,0.45,20.25,False
2020-08-28,39.0,0.45,17.55,False
2020-08-29,25.0,0.45,11.25,False
2020-08-30,23.0,0.45,10.35,False
2020-08-31,60.0,0.45,27.0,False
2020-09-01,98.0,0.49,48.019999999999996,False
2020-09-02,100.0,0.49,49.0,False
2020-09-03,94.0,0.49,46.06,False
2020-09-04,95.0,0.49,46.55,False
2020-09-05,49.0,0.49,24.009999999999998,False
2020-09-06,44.0,0.49,21.56,False
2020-09-07,87.0,0.49,42.63,False
2020-09-08,83.0,0.49,40.67,False
2020-09-09,80.0,0.49,39.2,False
2020-09-10,96.0,0.49,47.04,False
2020-09-11,67.0,0.49,32.83,False
2020-09-12,29.0,0.49,14.209999999999999,False
2020-09-13,39.0,0.49,19.11,False
2020-09-14,87.0,0.49,42.63,False
2020-09-15,81.0,0.49,39.69,False
2020-09-16,75.0,0.49,36.75,False
2020-09-17,70.0,0.49,34.3,False
2020-09-18,53.0,0.49,25.97,False
2020-09-19,26.0,0.49,12.74,False
2020-09-20,35.0,0.49,17.15,False
2020-09-21,79.0,0.49,38.71,False
2020-09-22,74.0,0.49,36.26,False
2020-09-23,78.0,0.49,38.22,False
2020-09-24,65.0,0.49,31.849999999999998,False
2020-09-25,61.0,0.49,29.89,False
2020-09-26,30.0,0.49,14.7,False
2020-09-27,32.0,0.49,15.68,False
2020-09-28,82.0,0.49,40.18,False
2020-09-29,86.0,0.49,42.14,False
2020-09-30,90.0,0.49,44.1,False
2020-10-01,83.0,0.46,38.18,False
2020-10-02,88.0,0.46,40.480000000000004,False
2020-10-03,55.0,0.46,25.3,False
2020-10-04,49.0,0.46,22.540000000000003,False
2020-10-05,100.0,0.46,46.0,False
2020-10-06,90.0,0.46,41.4,False
2020-10-07,85.0,0.46,39.1,False
2020-10-08,74.0,0.46,34.04,False
2020-10-09,60.0,0.46,27.6,False
2020-10-10,27.0,0.46,12.42,False
2020-10-11,27.0,0.46,12.42,False
2020-10-12,41.0,0.46,18.86,False
2020-10-13,91.0,0.46,41.86,False
2020-10-14,74.0,0.46,34.04,False
2020-10-15,69.0,0.46,31.740000000000002,False
2020-10-16,58.0,0.46,26.68,False
2020-10-17,27.0,0.46,12.42,False
2020-10-18,34.0,0.46,15.64,False
2020-10-19,80.0,0.46,36.800000000000004,False
2020-10-20,71.0,0.46,32.660000000000004,False
2020-10-21,77.0,0.46,35.42,False
2020-10-22,64.0,0.46,29.44,False
2020-10-23,59.0,0.46,27.14,False
2020-10-24,22.0,0.46,10.120000000000001,False
2020-10-25,31.0,0.46,14.26,False
2020-10-26,70.0,0.46,32.2,False
2020-10-27,73.0,0.46,33.58,False
2020-10-28,71.0,0.46,32.660000000000004,False
2020-10-29,63.0,0.46,28.98,False
2020-10-30,62.0,0.46,28.52,False
2020-10-31,39.0,0.46,17.94,False
2020-11-01,25.0,0.51,12.75,False
2020-11-02,51.0,0.51,26.01,False
2020-11-03,100.0,0.51,51.0,False
2020-11-04,88.0,0.51,44.88,False
2020-11-05,86.0,0.51,43.86,False
2020-11-06,80.0,0.51,40.8,False
2020-11-07,33.0,0.51,16.830000000000002,False
2020-11-08,35.0,0.51,17.85,False
2020-11-09,71.0,0.51,36.21,False
2020-11-10,79.0,0.51,40.29,False
2020-11-11,70.0,0.51,35.7,False
2020-11-12,60.0,0.51,30.6,False
2020-11-13,56.0,0.51,28.560000000000002,False
2020-11-14,29.0,0.51,14.790000000000001,False
2020-11-15,27.0,0.51,13.77,False
2020-11-16,67.0,0.51,34.17,False
2020-11-17,57.0,0.51,29.07,False
2020-11-18,54.0,0.51,27.54,False
2020-11-19,50.0,0.51,25.5,False
2020-11-20,50.0,0.51,25.5,False
2020-11-21,22.0,0.51,11.22,False
2020-11-22,25.0,0.51,12.75,False
2020-11-23,50.0,0.51,25.5,False
2020-11-24,54.0,0.51,27.54,False
2020-11-25,57.0,0.51,29.07,False
2020-11-26,55.0,0.51,28.05,False
2020-11-27,49.0,0.51,24.990000000000002,False
2020-11-28,25.0,0.51,12.75,False
2020-11-29,22.0,0.51,11.22,False
2020-11-30,63.0,0.51,32.13,False
2020-12-01,98.0,0.36,35.28,False
2020-12-02,93.0,0.36,33.48,False
2020-12-03,100.0,0.36,36.0,False
2020-12-04,83.0,0.36,29.88,False
2020-12-05,47.0,0.36,16.919999999999998,False
2020-12-06,35.0,0.36,12.6,False
2020-12-07,52.0,0.36,18.72,False
2020-12-08,48.0,0.36,17.28,False
2020-12-09,87.0,0.36,31.32,False
2020-12-10,91.0,0.36,32.76,False
2020-12-11,77.0,0.36,27.72,False
2020-12-12,36.0,0.36,12.959999999999999,False
2020-12-13,46.0,0.36,16.56,False
2020-12-14,100.0,0.36,36.0,False
2020-12-15,86.0,0.36,30.959999999999997,False
2020-12-16,85.0,0.36,30.599999999999998,False
2020-12-17,74.0,0.36,26.64,False
2020-12-18,72.0,0.36,25.919999999999998,False
2020-12-19,35.0,0.36,12.6,False
2020-12-20,34.0,0.36,12.24,False
2020-12-21,89.0,0.36,32.04,False
2020-12-22,63.0,0.36,22.68,False
2020-12-23,67.0,0.36,24.119999999999997,False
2020-12-24,42.0,0.36,15.12,False
2020-12-25,31.0,0.36,11.16,False
2020-12-26,43.0,0.36,15.479999999999999,False
2020-12-27,34.0,0.36,12.24,False
2020-12-28,83.0,0.36,29.88,False
2020-12-29,77.0,0.36,27.72,False
2020-12-30,72.0,0.36,25.919999999999998,False
2020-12-31,45.0,0.36,16.2,False
2021-01-01,23.0,0.47,10.809999999999999,False
2021-01-02,28.0,0.47,13.16,False
2021-01-03,35.0,0.47,16.45,False
2021-01-04,100.0,0.47,47.0,False
2021-01-05,64.0,0.47,30.08,False
2021-01-06,23.0,0.47,10.809999999999999,False
2021-01-07,50.0,0.47,23.5,False
2021-01-08,47.0,0.47,22.09,False
2021-01-09,16.0,0.47,7.52,False
2021-01-10,28.0,0.47,13.16,False
2021-01-11,59.0,0.47,27.729999999999997,False
2021-01-12,53.0,0.47,24.91,False
2021-01-13,48.0,0.47,22.56,False
2021-01-14,49.0,0.47,23.029999999999998,False
2021-01-15,44.0,0.47,20.68,False
2021-01-16,24.0,0.47,11.28,False
2021-01-17,26.0,0.47,12.219999999999999,False
2021-01-18,53.0,0.47,24.91,False
2021-01-19,48.0,0.47,22.56,False
2021-01-20,44.0,0.47,20.68,False
2021-01-21,48.0,0.47,22.56,False
2021-01-22,44.0,0.47,20.68,False
2021-01-23,26.0,0.47,12.219999999999999,False
2021-01-24,27.0,0.47,12.69,False
2021-01-25,50.0,0.47,23.5,False
2021-01-26,52.0,0.47,24.439999999999998,False
2021-01-27,50.0,0.47,23.5,False
2021-01-28,45.0,0.47,21.15,False
2021-01-29,43.0,0.47,20.209999999999997,False
2021-01-30,23.0,0.47,10.809999999999999,False
2021-01-31,23.0,0.47,10.809999999999999,False
2021-02-01,96.0,0.48,46.08,False
2021-02-02,97.0,0.48,46.559999999999995,False
2021-02-03,100.0,0.48,48.0,False
2021-02-04,96.0,0.48,46.08,False
2021-02-05,79.0,0.48,37.92,False
2021-02-06,37.0,0.48,17.759999999999998,False
2021-02-07,44.0,0.48,21.119999999999997,False
2021-02-08,90.0,0.48,43.199999999999996,False
2021-02-09,85.0,0.48,40.8,False
2021-02-10,85.0,0.48,40.8,False
2021-02-11,69.0,0.48,33.12,False
2021-02-12,60.0,0.48,28.799999999999997,False
2021-02-13,35.0,0.48,16.8,False
2021-02-14,28.0,0.48,13.44,False
2021-02-15,82.0,0.48,39.36,False
2021-02-16,74.0,0.48,35.519999999999996,False
2021-02-17,72.0,0.48,34.56,False
2021-02-18,73.0,0.48,35.04,False
2021-02-19,61.0,0.48,29.279999999999998,False
2021-02-20,29.0,0.48,13.92,False
2021-02-21,39.0,0.48,18.72,False
2021-02-22,76.0,0.48,36.48,False
2021-02-23,74.0,0.48,35.519999999999996,False
2021-02-24,71.0,0.48,34.08,False
2021-02-25,65.0,0.48,31.2,False
2021-02-26,66.0,0.48,31.68,False
2021-02-27,33.0,0.48,15.84,False
2021-02-28,38.0,0.48,18.24,False
2021-03-01,86.0,0.43,36.98,False
2021-03-02,100.0,0.43,43.0,False
2021-03-03,100.0,0.43,43.0,False
2021-03-04,89.0,0.43,38.269999999999996,False
2021-03-05,69.0,0.43,29.669999999999998,False
2021-03-06,38.0,0.43,16.34,False
2021-03-07,38.0,0.43,16.34,False
2021-03-08,95.0,0.43,40.85,False
2021-03-09,100.0,0.43,43.0,False
2021-03-10,77.0,0.43,33.11,False
2021-03-11,74.0,0.43,31.82,False
2021-03-12,63.0,0.43,27.09,False
2021-03-13,41.0,0.43,17.63,False
2021-03-14,53.0,0.43,22.79,False
2021-03-15,88.0,0.43,37.839999999999996,False
2021-03-16,100.0,0.43,43.0,False
2021-03-17,85.0,0.43,36.55,False
2021-03-18,68.0,0.43,29.24,False
2021-03-19,49.0,0.43,21.07,False
2021-03-20,38.0,0.43,16.34,False
2021-03-21,35.0,0.43,15.049999999999999,False
2021-03-22,89.0,0.43,38.269999999999996,False
2021-03-23,92.0,0.43,39.56,False
2021-03-24,81.0,0.43,34.83,False
2021-03-25,79.0,0.43,33.97,False
2021-03-26,55.0,0.43,23.65,False
2021-03-27,38.0,0.43,16.34,False
2021-03-28,35.0,0.43,15.049999999999999,False
2021-03-29,85.0,0.43,36.55,False
2021-03-30,77.0,0.43,33.11,False
2021-03-31,70.0,0.43,30.099999999999998,False
2021-04-01,32.0,0.42,13.44,False
2021-04-02,21.0,0.42,8.82,False
2021-04-03,31.0,0.42,13.02,False
2021-04-04,41.0,0.42,17.22,False
2021-04-05,100.0,0.42,42.0,False
2021-04-06,81.0,0.42,34.019999999999996,False
2021-04-07,67.0,0.42,28.14,False
2021-04-08,47.0,0.42,19.74,False
2021-04-09,42.0,0.42,17.64,False
2021-04-10,22.0,0.42,9.24,False
2021-04-11,23.0,0.42,9.66,False
2021-04-12,57.0,0.42,23.939999999999998,False
2021-04-13,54.0,0.42,22.68,False
2021-04-14,45.0,0.42,18.9,False
2021-04-15,42.0,0.42,17.64,False
2021-04-16,38.0,0.42,15.959999999999999,False
2021-04-17,21.0,0.42,8.82,False
2021-04-18,27.0,0.42,11.34,False
2021-04-19,45.0,0.42,18.9,False
2021-04-20,47.0,0.42,19.74,False
2021-04-21,44.0,0.42,18.48,False
2021-04-22,43.0,0.42,18.06,False
2021-04-23,36.0,0.42,15.12,False
2021-04-24,18.0,0.42,7.56,False
2021-04-25,25.0,0.42,10.5,False
2021-04-26,49.0,0.42,20.58,False
2021-04-27,48.0,0.42,20.16,False
2021-04-28,43.0,0.42,18.06,False
2021-04-29,43.0,0.42,18.06,False
2021-04-30,38.0,0.42,15.959999999999999,False
2021-05-01,33.0,0.39,12.870000000000001,False
2021-05-02,41.0,0.39,15.99,False
2021-05-03,91.0,0.39,35.49,False
2021-05-04,98.0,0.39,38.22,False
2021-05-05,100.0,0.39,39.0,False
2021-05-06,84.0,0.39,32.76,False
2021-05-07,66.0,0.39,25.740000000000002,False
2021-05-08,36.0,0.39,14.040000000000001,False
2021-05-09,50.0,0.39,19.5,False
2021-05-10,99.0,0.39,38.61,False
2021-05-11,88.0,0.39,34.32,False
2021-05-12,65.0,0.39,25.35,False
2021-05-13,70.0,0.39,27.3,False
2021-05-14,50.0,0.39,19.5,False
2021-05-15,34.0,0.39,13.26,False
2021-05-16,36.0,0.39,14.040000000000001,False
2021-05-17,75.0,0.39,29.25,False
2021-05-18,67.0,0.39,26.130000000000003,False
2021-05-19,77.0,0.39,30.03,False
2021-05-20,69.0,0.39,26.91,False
2021-05-21,54.0,0.39,21.060000000000002,False
2021-05-22,32.0,0.39,12.48,False
2021-05-23,35.0,0.39,13.65,False
2021-05-24,65.0,0.39,25.35,False
2021-05-25,68.0,0.39,26.52,False
2021-05-26,76.0,0.39,29.64,False
2021-05-27,76.0,0.39,29.64,False
2021-05-28,64.0,0.39,24.96,False
2021-05-29,33.0,0.39,12.870000000000001,False
2021-05-30,35.0,0.39,13.65,False
2021-05-31,76.0,0.39,29.64,False
2021-06-01,98.0,0.36,35.28,False
2021-06-02,97.0,0.36,34.92,False
2021-06-03,89.0,0.36,32.04,False
2021-06-04,70.0,0.36,25.2,False
2021-06-05,42.0,0.36,15.12,False
2021-06-06,55.0,0.36,19.8,False
2021-06-07,100.0,0.36,36.0,False
2021-06-08,82.0,0.36,29.52,False
2021-06-09,83.0,0.36,29.88,False
2021-06-10,83.0,0.36,29.88,False
2021-06-11,58.0,0.36,20.88,False
2021-06-12,35.0,0.36,12.6,False
2021-06-13,38.0,0.36,13.68,False
2021-06-14,82.0,0.36,29.52,False
2021-06-15,82.0,0.36,29.52,False
2021-06-16,79.0,0.36,28.439999999999998,False
2021-06-17,71.0,0.36,25.56,False
2021-06-18,61.0,0.36,21.96,False
2021-06-19,27.0,0.36,9.719999999999999,False
2021-06-20,27.0,0.36,9.719999999999999,False
2021-06-21,70.0,0.36,25.2,False
2021-06-22,78.0,0.36,28.08,False
2021-06-23,59.0,0.36,21.24,False
2021-06-24,64.0,0.36,23.04,False
2021-06-25,70.0,0.36,25.2,False
2021-06-26,32.0,0.36,11.52,False
2021-06-27,44.0,0.36,15.84,False
2021-06-28,86.0,0.36,30.959999999999997,False
2021-06-29,75.0,0.36,27.0,False
2021-06-30,93.0,0.36,33.48,False
2021-07-01,100.0,0.35,35.0,False
2021-07-02,79.0,0.35,27.65,False
2021-07-03,51.0,0.35,17.849999999999998,False
2021-07-04,36.0,0.35,12.6,False
2021-07-05,94.0,0.35,32.9,False
2021-07-06,91.0,0.35,31.849999999999998,False
2021-07-07,74.0,0.35,25.9,False
2021-07-08,73.0,0.35,25.549999999999997,False
2021-07-09,62.0,0.35,21.7,False
2021-07-10,39.0,0.35,13.649999999999999,False
2021-07-11,31.0,0.35,10.85,False
2021-07-12,69.0,0.35,24.15,False
2021-07-13,75.0,0.35,26.25,False
2021-07-14,66.0,0.35,23.099999999999998,False
2021-07-15,67.0,0.35,23.45,False
2021-07-16,65.0,0.35,22.75,False
2021-07-17,33.0,0.35,11.549999999999999,False
2021-07-18,30.0,0.35,10.5,False
2021-07-19,80.0,0.35,28.0,False
2021-07-20,71.0,0.35,24.849999999999998,False
2021-07-21,56.0,0.35,19.599999999999998,False
2021-07-22,60.0,0.35,21.0,False
2021-07-23,65.0,0.35,22.75,False
2021-07-24,31.0,0.35,10.85,False
2021-07-25,26.0,0.35,9.1,False
2021-07-26,71.0,0.35,24.849999999999998,False
2021-07-27,64.0,0.35,22.4,False
2021-07-28,61.0,0.35,21.349999999999998,False
2021-07-29,60.0,0.35,21.0,False
2021-07-30,66.0,0.35,23.099999999999998,False
2021-07-31,24.0,0.35,8.399999999999999,False
2021-08-01,37.0,0.3,11.1,False
2021-08-02,89.0,0.3,26.7,False
2021-08-03,100.0,0.3,30.0,False
2021-08-04,79.0,0.3,23.7,False
2021-08-05,58.0,0.3,17.4,False
2021-08-06,57.0,0.3,17.099999999999998,False
2021-08-07,26.0,0.3,7.8,False
2021-08-08,31.0,0.3,9.299999999999999,False
2021-08-09,62.0,0.3,18.599999999999998,False
2021-08-10,58.0,0.3,17.4,False
2021-08-11,52.0,0.3,15.6,False
2021-08-12,46.0,0.3,13.799999999999999,False
2021-08-13,39.0,0.3,11.7,False
2021-08-14,22.0,0.3,6.6,False
2021-08-15,23.0,0.3,6.8999999999999995,False
2021-08-16,49.0,0.3,14.7,False
2021-08-17,52.0,0.3,15.6,False
2021-08-18,55.0,0.3,16.5,False
2021-08-19,48.0,0.3,14.399999999999999,False
2021-08-20,43.0,0.3,12.9,False
2021-08-21,25.0,0.3,7.5,False
2021-08-22,27.0,0.3,8.1,False
2021-08-23,53.0,0.3,15.899999999999999,False
2021-08-24,42.0,0.3,12.6,False
2021-08-25,53.0,0.3,15.899999999999999,False
2021-08-26,52.0,0.3,15.6,False
2021-08-27,48.0,0.3,14.399999999999999,False
2021-08-28,24.0,0.3,7.199999999999999,False
2021-08-29,31.0,0.3,9.299999999999999,False
2021-08-30,64.0,0.3,19.2,False
2021-08-31,67.0,0.3,20.099999999999998,False
2021-09-01,100.0,0.36,36.0,False
2021-09-02,88.0,0.36,31.68,False
2021-09-03,77.0,0.36,27.72,False
2021-09-04,41.0,0.36,14.76,False
2021-09-05,46.0,0.36,16.56,False
2021-09-06,89.0,0.36,32.04,False
2021-09-07,91.0,0.36,32.76,False
2021-09-08,85.0,0.36,30.599999999999998,False
2021-09-09,83.0,0.36,29.88,False
2021-09-10,75.0,0.36,27.0,False
2021-09-11,39.0,0.36,14.04,False
2021-09-12,31.0,0.36,11.16,False
2021-09-13,81.0,0.36,29.16,False
2021-09-14,80.0,0.36,28.799999999999997,False
2021-09-15,69.0,0.36,24.84,False
2021-09-16,78.0,0.36,28.08,False
2021-09-17,63.0,0.36,22.68,False
2021-09-18,34.0,0.36,12.24,False
2021-09-19,38.0,0.36,13.68,False
2021-09-20,86.0,0.36,30.959999999999997,False
2021-09-21,76.0,0.36,27.36,False
2021-09-22,77.0,0.36,27.72,False
2021-09-23,63.0,0.36,22.68,False
2021-09-24,64.0,0.36,23.04,False
2021-09-25,27.0,0.36,9.719999999999999,False
2021-09-26,41.0,0.36,14.76,False
2021-09-27,89.0,0.36,32.04,False
2021-09-28,84.0,0.36,30.24,False
2021-09-29,82.0,0.36,29.52,False
2021-09-30,78.0,0.36,28.08,False
2021-10-01,66.0,0.36,23.759999999999998,False
2021-10-02,30.0,0.36,10.799999999999999,False
2021-10-03,41.0,0.36,14.76,False
2021-10-04,100.0,0.36,36.0,False
2021-10-05,98.0,0.36,35.28,False
2021-10-06,77.0,0.36,27.72,False
2021-10-07,73.0,0.36,26.279999999999998,False
2021-10-08,56.0,0.36,20.16,False
2021-10-09,29.0,0.36,10.44,False
2021-10-10,29.0,0.36,10.44,False
2021-10-11,61.0,0.36,21.96,False
2021-10-12,39.0,0.36,14.04,False
2021-10-13,76.0,0.36,27.36,False
2021-10-14,69.0,0.36,24.84,False
2021-10-15,59.0,0.36,21.24,False
2021-10-16,31.0,0.36,11.16,False
2021-10-17,33.0,0.36,11.879999999999999,False
2021-10-18,72.0,0.36,25.919999999999998,False
2021-10-19,75.0,0.36,27.0,False
2021-10-20,67.0,0.36,24.119999999999997,False
2021-10-21,67.0,0.36,24.119999999999997,False
2021-10-22,58.0,0.36,20.88,False
2021-10-23,26.0,0.36,9.36,False
2021-10-24,29.0,0.36,10.44,False
2021-10-25,66.0,0.36,23.759999999999998,False
2021-10-26,65.0,0.36,23.4,False
2021-10-27,64.0,0.36,23.04,False
2021-10-28,63.0,0.36,22.68,False
2021-10-29,56.0,0.36,20.16,False
2021-10-30,22.0,0.36,7.92,False
2021-10-31,25.0,0.36,9.0,False
2021-11-01,40.0,0.35,14.0,False
2021-11-02,100.0,0.35,35.0,False
2021-11-03,90.0,0.35,31.499999999999996,False
2021-11-04,97.0,0.35,33.949999999999996,False
2021-11-05,72.0,0.35,25.2,False
2021-11-06,26.0,0.35,9.1,False
2021-11-07,43.0,0.35,15.049999999999999,False
2021-11-08,87.0,0.35,30.45,False
2021-11-09,79.0,0.35,27.65,False
2021-11-10,85.0,0.35,29.749999999999996,False
2021-11-11,78.0,0.35,27.299999999999997,False
2021-11-12,68.0,0.35,23.799999999999997,False
2021-11-13,32.0,0.35,11.2,False
2021-11-14,43.0,0.35,15.049999999999999,False
2021-11-15,72.0,0.35,25.2,False
2021-11-16,73.0,0.35,25.549999999999997,False
2021-11-17,69.0,0.35,24.15,False
2021-11-18,68.0,0.35,23.799999999999997,False
2021-11-19,60.0,0.35,21.0,False
2021-11-20,31.0,0.35,10.85,False
2021-11-21,38.0,0.35,13.299999999999999,False
2021-11-22,73.0,0.35,25.549999999999997,False
2021-11-23,69.0,0.35,24.15,False
2021-11-24,64.0,0.35,22.4,False
2021-11-25,73.0,0.35,25.549999999999997,False
2021-11-26,53.0,0.35,18.549999999999997,False
2021-11-27,36.0,0.35,12.6,False
2021-11-28,30.0,0.35,10.5,False
2021-11-29,66.0,0.35,23.099999999999998,False
2021-11-30,80.0,0.35,28.0,False
2021-12-01,89.0,0.29,25.81,False
2021-12-02,100.0,0.29,28.999999999999996,False
2021-12-03,88.0,0.29,25.52,False
2021-12-04,41.0,0.29,11.889999999999999,False
2021-12-05,38.0,0.29,11.02,False
2021-12-06,47.0,0.29,13.629999999999999,False
2021-12-07,68.0,0.29,19.72,False
2021-12-08,57.0,0.29,16.529999999999998,False
2021-12-09,76.0,0.29,22.04,False
2021-12-10,87.0,0.29,25.229999999999997,False
2021-12-11,51.0,0.29,14.79,False
2021-12-12,38.0,0.29,11.02,False
2021-12-13,92.0,0.29,26.68,False
2021-12-14,87.0,0.29,25.229999999999997,False
2021-12-15,81.0,0.29,23.49,False
2021-12-16,79.0,0.29,22.91,False
2021-12-17,64.0,0.29,18.56,False
2021-12-18,34.0,0.29,9.86,False
2021-12-19,43.0,0.29,12.469999999999999,False
2021-12-20,79.0,0.29,22.91,False
2021-12-21,71.0,0.29,20.59,False
2021-12-22,64.0,0.29,18.56,False
2021-12-23,58.0,0.29,16.82,False
2021-12-24,29.0,0.29,8.41,False
2021-12-25,31.0,0.29,8.99,False
2021-12-26,31.0,0.29,8.99,False
2021-12-27,93.0,0.29,26.97,False
2021-12-28,75.0,0.29,21.75,False
2021-12-29,80.0,0.29,23.2,False
2021-12-30,62.0,0.29,17.98,False
2021-12-31,41.0,0.29,11.889999999999999,False
2022-01-01,31.0,0.46,14.26,False
2022-01-02,46.0,0.46,21.16,False
2022-01-03,100.0,0.46,46.0,False
2022-01-04,99.0,0.46,45.54,False
2022-01-05,59.0,0.46,27.14,False
2022-01-06,35.0,0.46,16.1,False
2022-01-07,67.0,0.46,30.82,False
2022-01-08,37.0,0.46,17.02,False
2022-01-09,40.0,0.46,18.400000000000002,False
2022-01-10,88.0,0.46,40.480000000000004,False
2022-01-11,81.0,0.46,37.260000000000005,False
2022-01-12,81.0,0.46,37.260000000000005,False
2022-01-13,79.0,0.46,36.34,False
2022-01-14,54.0,0.46,24.84,False
2022-01-15,33.0,0.46,15.180000000000001,False
2022-01-16,45.0,0.46,20.7,False
2022-01-17,87.0,0.46,40.02,False
2022-01-18,70.0,0.46,32.2,False
2022-01-19,64.0,0.46,29.44,False
2022-01-20,67.0,0.46,30.82,False
2022-01-21,52.0,0.46,23.92,False
2022-01-22,37.0,0.46,17.02,False
2022-01-23,47.0,0.46,21.62,False
2022-01-24,80.0,0.46,36.800000000000004,False
2022-01-25,67.0,0.46,30.82,False
2022-01-26,62.0,0.46,28.52,False
2022-01-27,66.0,0.46,30.360000000000003,False
2022-01-28,61.0,0.46,28.060000000000002,False
2022-01-29,37.0,0.46,17.02,False
2022-01-30,41.0,0.46,18.86,False
2022-01-31,77.0,0.46,35.42,False
2022-02-01,89.0,0.42,37.379999999999995,False
2022-02-02,88.0,0.42,36.96,False
2022-02-03,100.0,0.42,42.0,False
2022-02-04,73.0,0.42,30.66,False
2022-02-05,36.0,0.42,15.12,False
2022-02-06,46.0,0.42,19.32,False
2022-02-07,92.0,0.42,38.64,False
2022-02-08,95.0,0.42,39.9,False
2022-02-09,81.0,0.42,34.019999999999996,False
2022-02-10,77.0,0.42,32.339999999999996,False
2022-02-11,61.0,0.42,25.619999999999997,False
2022-02-12,28.0,0.42,11.76,False
2022-02-13,38.0,0.42,15.959999999999999,False
2022-02-14,72.0,0.42,30.24,False
2022-02-15,76.0,0.42,31.919999999999998,False
2022-02-16,77.0,0.42,32.339999999999996,False
2022-02-17,72.0,0.42,30.24,False
2022-02-18,58.0,0.42,24.36,False
2022-02-19,27.0,0.42,11.34,False
2022-02-20,39.0,0.42,16.38,False
2022-02-21,78.0,0.42,32.76,False
2022-02-22,83.0,0.42,34.86,False
2022-02-23,66.0,0.42,27.72,False
2022-02-24,64.0,0.42,26.88,False
2022-02-25,57.0,0.42,23.939999999999998,False
2022-02-26,36.0,0.42,15.12,False
2022-02-27,34.0,0.42,14.28,False
2022-02-28,81.0,0.42,34.019999999999996,False
2022-03-01,96.0,0.44,42.24,False
2022-03-02,100.0,0.44,44.0,False
2022-03-03,97.0,0.44,42.68,False
2022-03-04,67.0,0.44,29.48,False
2022-03-05,42.0,0.44,18.48,False
2022-03-06,41.0,0.44,18.04,False
2022-03-07,84.0,0.44,36.96,False
2022-03-08,79.0,0.44,34.76,False
2022-03-09,71.0,0.44,31.24,False
2022-03-10,79.0,0.44,34.76,False
2022-03-11,57.0,0.44,25.080000000000002,False
2022-03-12,32.0,0.44,14.08,False
2022-03-13,37.0,0.44,16.28,False
2022-03-14,74.0,0.44,32.56,False
2022-03-15,84.0,0.44,36.96,False
2022-03-16,81.0,0.44,35.64,False
2022-03-17,63.0,0.44,27.72,False
2022-03-18,56.0,0.44,24.64,False
2022-03-19,31.0,0.44,13.64,False
2022-03-20,32.0,0.44,14.08,False
2022-03-21,86.0,0.44,37.84,False
2022-03-22,75.0,0.44,33.0,False
2022-03-23,77.0,0.44,33.88,False
2022-03-24,76.0,0.44,33.44,False
2022-03-25,54.0,0.44,23.76,False
2022-03-26,27.0,0.44,11.88,False
2022-03-27,39.0,0.44,17.16,False
2022-03-28,77.0,0.44,33.88,False
2022-03-29,76.0,0.44,33.44,False
2022-03-30,80.0,0.44,35.2,False
2022-03-31,83.0,0.44,36.52,False
2022-04-01,36.0,0.4,14.4,False
2022-04-02,19.0,0.4,7.6000000000000005,False
2022-04-03,25.0,0.4,10.0,False
2022-04-04,71.0,0.4,28.400000000000002,False
2022-04-05,100.0,0.4,40.0,False
2022-04-06,51.0,0.4,20.400000000000002,False
2022-04-07,40.0,0.4,16.0,False
2022-04-08,33.0,0.4,13.200000000000001,False
2022-04-09,17.0,0.4,6.800000000000001,False
2022-04-10,18.0,0.4,7.2,False
2022-04-11,31.0,0.4,12.4,False
2022-04-12,26.0,0.4,10.4,False
2022-04-13,26.0,0.4,10.4,False
2022-04-14,18.0,0.4,7.2,False
2022-04-15,12.0,0.4,4.800000000000001,False
2022-04-16,14.0,0.4,5.6000000000000005,False
2022-04-17,14.0,0.4,5.6000000000000005,False
2022-04-18,32.0,0.4,12.8,False
2022-04-19,35.0,0.4,14.0,False
2022-04-20,36.0,0.4,14.4,False
2022-04-21,30.0,0.4,12.0,False
2022-04-22,27.0,0.4,10.8,False
2022-04-23,16.0,0.4,6.4,False
2022-04-24,21.0,0.4,8.4,False
2022-04-25,36.0,0.4,14.4,False
2022-04-26,36.0,0.4,14.4,False
2022-04-27,36.0,0.4,14.4,False
2022-04-28,35.0,0.4,14.0,False
2022-04-29,32.0,0.4,12.8,False
2022-04-30,17.0,0.4,6.800000000000001,False
2022-05-01,37.0,0.36,13.32,False
2022-05-02,70.0,0.36,25.2,False
2022-05-03,100.0,0.36,36.0,False
2022-05-04,90.0,0.36,32.4,False
2022-05-05,80.0,0.36,28.799999999999997,False
2022-05-06,71.0,0.36,25.56,False
2022-05-07,31.0,0.36,11.16,False
2022-05-08,45.0,0.36,16.2,False
2022-05-09,79.0,0.36,28.439999999999998,False
2022-05-10,81.0,0.36,29.16,False
2022-05-11,83.0,0.36,29.88,False
2022-05-12,59.0,0.36,21.24,False
2022-05-13,61.0,0.36,21.96,False
2022-05-14,28.0,0.36,10.08,False
2022-05-15,30.0,0.36,10.799999999999999,False
2022-05-16,75.0,0.36,27.0,False
2022-05-17,70.0,0.36,25.2,False
2022-05-18,75.0,0.36,27.0,False
2022-05-19,69.0,0.36,24.84,False
2022-05-20,66.0,0.36,23.759999999999998,False
2022-05-21,34.0,0.36,12.24,False
2022-05-22,38.0,0.36,13.68,False
2022-05-23,73.0,0.36,26.279999999999998,False
2022-05-24,75.0,0.36,27.0,False
2022-05-25,65.0,0.36,23.4,False
2022-05-26,67.0,0.36,24.119999999999997,False
2022-05-27,53.0,0.36,19.08,False
2022-05-28,30.0,0.36,10.799999999999999,False
2022-05-29,36.0,0.36,12.959999999999999,False
2022-05-30,68.0,0.36,24.48,False
2022-05-31,69.0,0.36,24.84,False
2022-06-01,83.0,0.36,29.88,False
2022-06-02,92.0,0.36,33.12,False
2022-06-03,84.0,0.36,30.24,False
2022-06-04,48.0,0.36,17.28,False
2022-06-05,43.0,0.36,15.479999999999999,False
2022-06-06,86.0,0.36,30.959999999999997,False
2022-06-07,91.0,0.36,32.76,False
2022-06-08,100.0,0.36,36.0,False
2022-06-09,79.0,0.36,28.439999999999998,False
2022-06-10,71.0,0.36,25.56,False
2022-06-11,40.0,0.36,14.399999999999999,False
2022-06-12,36.0,0.36,12.959999999999999,False
2022-06-13,74.0,0.36,26.64,False
2022-06-14,79.0,0.36,28.439999999999998,False
2022-06-15,70.0,0.36,25.2,False
2022-06-16,66.0,0.36,23.759999999999998,False
2022-06-17,57.0,0.36,20.52,False
2022-06-18,28.0,0.36,10.08,False
2022-06-19,36.0,0.36,12.959999999999999,False
2022-06-20,76.0,0.36,27.36,False
2022-06-21,72.0,0.36,25.919999999999998,False
2022-06-22,73.0,0.36,26.279999999999998,False
2022-06-23,75.0,0.36,27.0,False
2022-06-24,58.0,0.36,20.88,False
2022-06-25,39.0,0.36,14.04,False
2022-06-26,52.0,0.36,18.72,False
2022-06-27,94.0,0.36,33.839999999999996,False
2022-06-28,94.0,0.36,33.839999999999996,False
2022-06-29,86.0,0.36,30.959999999999997,False
2022-06-30,85.0,0.36,30.599999999999998,False
2022-07-01,53.0,0.39,20.67,False
2022-07-02,22.0,0.39,8.58,False
2022-07-03,30.0,0.39,11.700000000000001,False
2022-07-04,97.0,0.39,37.83,False
2022-07-05,100.0,0.39,39.0,False
2022-07-06,52.0,0.39,20.28,False
2022-07-07,50.0,0.39,19.5,False
2022-07-08,42.0,0.39,16.38,False
2022-07-09,24.0,0.39,9.36,False
2022-07-10,21.0,0.39,8.19,False
2022-07-11,46.0,0.39,17.94,False
2022-07-12,44.0,0.39,17.16,False
2022-07-13,43.0,0.39,16.77,False
2022-07-14,36.0,0.39,14.040000000000001,False
2022-07-15,32.0,0.39,12.48,False
2022-07-16,19.0,0.39,7.41,False
2022-07-17,23.0,0.39,8.97,False
2022-07-18,46.0,0.39,17.94,False
2022-07-19,45.0,0.39,17.55,False
2022-07-20,38.0,0.39,14.82,False
2022-07-21,40.0,0.39,15.600000000000001,False
2022-07-22,35.0,0.39,13.65,False
2022-07-23,20.0,0.39,7.800000000000001,False
2022-07-24,17.0,0.39,6.63,False
2022-07-25,38.0,0.39,14.82,False
2022-07-26,38.0,0.39,14.82,False
2022-07-27,41.0,0.39,15.99,False
2022-07-28,43.0,0.39,16.77,False
2022-07-29,36.0,0.39,14.040000000000001,False
2022-07-30,21.0,0.39,8.19,False
2022-07-31,22.0,0.39,8.58,False
2022-08-01,97.0,0.32,31.04,False
2022-08-02,100.0,0.32,32.0,False
2022-08-03,86.0,0.32,27.52,False
2022-08-04,81.0,0.32,25.92,False
2022-08-05,80.0,0.32,25.6,False
2022-08-06,53.0,0.32,16.96,False
2022-08-07,41.0,0.32,13.120000000000001,False
2022-08-08,95.0,0.32,30.400000000000002,False
2022-08-09,77.0,0.32,24.64,False
2022-08-10,77.0,0.32,24.64,False
2022-08-11,61.0,0.32,19.52,False
2022-08-12,58.0,0.32,18.56,False
2022-08-13,28.0,0.32,8.96,False
2022-08-14,25.0,0.32,8.0,False
2022-08-15,39.0,0.32,12.48,False
2022-08-16,67.0,0.32,21.44,False
2022-08-17,69.0,0.32,22.080000000000002,False
2022-08-18,58.0,0.32,18.56,False
2022-08-19,55.0,0.32,17.6,False
2022-08-20,31.0,0.32,9.92,False
2022-08-21,31.0,0.32,9.92,False
2022-08-22,59.0,0.32,18.88,False
2022-08-23,60.0,0.32,19.2,False
2022-08-24,59.0,0.32,18.88,False
2022-08-25,56.0,0.32,17.92,False
2022-08-26,51.0,0.32,16.32,False
2022-08-27,22.0,0.32,7.04,False
2022-08-28,41.0,0.32,13.120000000000001,False
2022-08-29,65.0,0.32,20.8,False
2022-08-30,70.0,0.32,22.400000000000002,False
2022-08-31,74.0,0.32,23.68,False
2022-09-01,70.0,0.42,29.4,False
2022-09-02,64.0,0.42,26.88,False
2022-09-03,27.0,0.42,11.34,False
2022-09-04,34.0,0.42,14.28,False
2022-09-05,100.0,0.42,42.0,False
2022-09-06,97.0,0.42,40.74,False
2022-09-07,73.0,0.42,30.66,False
2022-09-08,65.0,0.42,27.3,False
2022-09-09,61.0,0.42,25.619999999999997,False
2022-09-10,26.0,0.42,10.92,False
2022-09-11,31.0,0.42,13.02,False
2022-09-12,72.0,0.42,30.24,False
2022-09-13,60.0,0.42,25.2,False
2022-09-14,57.0,0.42,23.939999999999998,False
2022-09-15,58.0,0.42,24.36,False
2022-09-16,50.0,0.42,21.0,False
2022-09-17,25.0,0.42,10.5,False
2022-09-18,31.0,0.42,13.02,False
2022-09-19,63.0,0.42,26.459999999999997,False
2022-09-20,66.0,0.42,27.72,False
2022-09-21,67.0,0.42,28.14,False
2022-09-22,57.0,0.42,23.939999999999998,False
2022-09-23,50.0,0.42,21.0,False
2022-09-24,23.0,0.42,9.66,False
2022-09-25,32.0,0.42,13.44,False
2022-09-26,57.0,0.42,23.939999999999998,False
2022-09-27,67.0,0.42,28.14,False
2022-09-28,65.0,0.42,27.3,False
2022-09-29,61.0,0.42,25.619999999999997,False
2022-09-30,58.0,0.42,24.36,False
2022-10-01,30.0,0.4,12.0,False
2022-10-02,38.0,0.4,15.200000000000001,False
2022-10-03,93.0,0.4,37.2,False
2022-10-04,100.0,0.4,40.0,False
2022-10-05,95.0,0.4,38.0,False
2022-10-06,85.0,0.4,34.0,False
2022-10-07,75.0,0.4,30.0,False
2022-10-08,38.0,0.4,15.200000000000001,False
2022-10-09,37.0,0.4,14.8,False
2022-10-10,83.0,0.4,33.2,False
2022-10-11,63.0,0.4,25.200000000000003,False
2022-10-12,41.0,0.4,16.400000000000002,False
2022-10-13,72.0,0.4,28.8,False
2022-10-14,57.0,0.4,22.8,False
2022-10-15,30.0,0.4,12.0,False
2022-10-16,35.0,0.4,14.0,False
2022-10-17,72.0,0.4,28.8,False
2022-10-18,66.0,0.4,26.400000000000002,False
2022-10-19,57.0,0.4,22.8,False
2022-10-20,53.0,0.4,21.200000000000003,False
2022-10-21,48.0,0.4,19.200000000000003,False
2022-10-22,30.0,0.4,12.0,False
2022-10-23,29.0,0.4,11.600000000000001,False
2022-10-24,64.0,0.4,25.6,False
2022-10-25,62.0,0.4,24.8,False
2022-10-26,62.0,0.4,24.8,False
2022-10-27,61.0,0.4,24.400000000000002,False
2022-10-28,54.0,0.4,21.6,False
2022-10-29,27.0,0.4,10.8,False
2022-10-30,32.0,0.4,12.8,False
2022-10-31,52.0,0.4,20.8,False
2022-11-01,59.0,0.38,22.42,False
2022-11-02,98.0,0.38,37.24,False
2022-11-03,99.0,0.38,37.62,False
2022-11-04,90.0,0.38,34.2,False
2022-11-05,39.0,0.38,14.82,False
2022-11-06,45.0,0.38,17.1,False
2022-11-07,84.0,0.38,31.92,False
2022-11-08,100.0,0.38,38.0,False
2022-11-09,96.0,0.38,36.480000000000004,False
2022-11-10,92.0,0.38,34.96,False
2022-11-11,62.0,0.38,23.56,False
2022-11-12,34.0,0.38,12.92,False
2022-11-13,39.0,0.38,14.82,False
2022-11-14,75.0,0.38,28.5,False
2022-11-15,75.0,0.38,28.5,False
2022-11-16,70.0,0.38,26.6,False
2022-11-17,77.0,0.38,29.26,False
2022-11-18,59.0,0.38,22.42,False
2022-11-19,35.0,0.38,13.3,False
2022-11-20,35.0,0.38,13.3,False
2022-11-21,67.0,0.38,25.46,False
2022-11-22,62.0,0.38,23.56,False
2022-11-23,61.0,0.38,23.18,False
2022-11-24,65.0,0.38,24.7,False
2022-11-25,54.0,0.38,20.52,False
2022-11-26,30.0,0.38,11.4,False
2022-11-27,32.0,0.38,12.16,False
2022-11-28,69.0,0.38,26.22,False
2022-11-29,71.0,0.38,26.98,False
2022-11-30,79.0,0.38,30.02,False
2022-12-01,78.0,0.33,25.740000000000002,False
2022-12-02,78.0,0.33,25.740000000000002,False
2022-12-03,48.0,0.33,15.84,False
2022-12-04,57.0,0.33,18.810000000000002,False
2022-12-05,86.0,0.33,28.380000000000003,False
2022-12-06,48.0,0.33,15.84,False
2022-12-07,80.0,0.33,26.400000000000002,False
2022-12-08,53.0,0.33,17.490000000000002,False
2022-12-09,78.0,0.33,25.740000000000002,False
2022-12-10,70.0,0.33,23.1,False
2022-12-11,60.0,0.33,19.8,False
2022-12-12,100.0,0.33,33.0,False
2022-12-13,80.0,0.33,26.400000000000002,False
2022-12-14,86.0,0.33,28.380000000000003,False
2022-12-15,80.0,0.33,26.400000000000002,False
2022-12-16,66.0,0.33,21.78,False
2022-12-17,39.0,0.33,12.870000000000001,False
2022-12-18,39.0,0.33,12.870000000000001,False
2022-12-19,87.0,0.33,28.71,False
2022-12-20,87.0,0.33,28.71,False
2022-12-21,75.0,0.33,24.75,False
2022-12-22,62.0,0.33,20.46,False
2022-12-23,63.0,0.33,20.790000000000003,False
2022-12-24,32.0,0.33,10.56,False
2022-12-25,37.0,0.33,12.21,False
2022-12-26,53.0,0.33,17.490000000000002,False
2022-12-27,87.0,0.33,28.71,False
2022-12-28,81.0,0.33,26.73,False
2022-12-29,73.0,0.33,24.09,False
2022-12-30,64.0,0.33,21.12,False
2022-12-31,38.0,0.33,12.540000000000001,False
2023-01-01,35.0,0.45,15.75,False
2023-01-02,65.0,0.45,29.25,False
2023-01-03,79.0,0.45,35.550000000000004,False
2023-01-04,70.0,0.45,31.5,False
2023-01-05,49.0,0.45,22.05,False
2023-01-06,30.0,0.45,13.5,False
2023-01-07,33.0,0.45,14.85,False
2023-01-08,42.0,0.45,18.900000000000002,False
2023-01-09,89.0,0.45,40.050000000000004,False
2023-01-10,100.0,0.45,45.0,False
2023-01-11,76.0,0.45,34.2,False
2023-01-12,68.0,0.45,30.6,False
2023-01-13,52.0,0.45,23.400000000000002,False
2023-01-14,25.0,0.45,11.25,False
2023-01-15,33.0,0.45,14.85,False
2023-01-16,65.0,0.45,29.25,False
2023-01-17,62.0,0.45,27.900000000000002,False
2023-01-18,58.0,0.45,26.1,False
2023-01-19,57.0,0.45,25.650000000000002,False
2023-01-20,49.0,0.45,22.05,False
2023-01-21,23.0,0.45,10.35,False
2023-01-22,30.0,0.45,13.5,False
2023-01-23,58.0,0.45,26.1,False
2023-01-24,61.0,0.45,27.45,False
2023-01-25,59.0,0.45,26.55,False
2023-01-26,57.0,0.45,25.650000000000002,False
2023-01-27,47.0,0.45,21.150000000000002,False
2023-01-28,30.0,0.45,13.5,False
2023-01-29,34.0,0.45,15.3,False
2023-01-30,57.0,0.45,25.650000000000002,False
2023-01-31,73.0,0.45,32.85,False
2023-02-01,96.0,0.42,40.32,False
2023-02-02,94.0,0.42,39.48,False
2023-02-03,76.0,0.42,31.919999999999998,False
2023-02-04,43.0,0.42,18.06,False
2023-02-05,44.0,0.42,18.48,False
2023-02-06,83.0,0.42,34.86,False
2023-02-07,84.0,0.42,35.28,False
2023-02-08,83.0,0.42,34.86,False
2023-02-09,88.0,0.42,36.96,False
2023-02-10,100.0,0.42,42.0,False
2023-02-11,38.0,0.42,15.959999999999999,False
2023-02-12,45.0,0.42,18.9,False
2023-02-13,79.0,0.42,33.18,False
2023-02-14,73.0,0.42,30.66,False
2023-02-15,89.0,0.42,37.379999999999995,False
2023-02-16,81.0,0.42,34.019999999999996,False
2023-02-17,68.0,0.42,28.56,False
2023-02-18,36.0,0.42,15.12,False
2023-02-19,35.0,0.42,14.7,False
2023-02-20,91.0,0.42,38.22,False
2023-02-21,70.0,0.42,29.4,False
2023-02-22,70.0,0.42,29.4,False
2023-02-23,56.0,0.42,23.52,False
2023-02-24,67.0,0.42,28.14,False
2023-02-25,37.0,0.42,15.54,False
2023-02-26,38.0,0.42,15.959999999999999,False
2023-02-27,80.0,0.42,33.6,False
2023-02-28,68.0,0.42,28.56,False
2023-03-01,100.0,0.4,40.0,False
2023-03-02,95.0,0.4,38.0,False
2023-03-03,83.0,0.4,33.2,False
2023-03-04,40.0,0.4,16.0,False
2023-03-05,47.0,0.4,18.8,False
2023-03-06,93.0,0.4,37.2,False
2023-03-07,86.0,0.4,34.4,False
2023-03-08,86.0,0.4,34.4,False
2023-03-09,84.0,0.4,33.6,False
2023-03-10,97.0,0.4,38.800000000000004,False
2023-03-11,45.0,0.4,18.0,False
2023-03-12,42.0,0.4,16.8,False
2023-03-13,88.0,0.4,35.2,False
2023-03-14,90.0,0.4,36.0,False
2023-03-15,84.0,0.4,33.6,False
2023-03-16,75.0,0.4,30.0,False
2023-03-17,62.0,0.4,24.8,False
2023-03-18,36.0,0.4,14.4,False
2023-03-19,36.0,0.4,14.4,False
2023-03-20,74.0,0.4,29.6,False
2023-03-21,82.0,0.4,32.800000000000004,False
2023-03-22,93.0,0.4,37.2,False
2023-03-23,82.0,0.4,32.800000000000004,False
2023-03-24,64.0,0.4,25.6,False
2023-03-25,33.0,0.4,13.200000000000001,False
2023-03-26,41.0,0.4,16.400000000000002,False
2023-03-27,81.0,0.4,32.4,False
2023-03-28,70.0,0.4,28.0,False
2023-03-29,78.0,0.4,31.200000000000003,False
2023-03-30,67.0,0.4,26.8,False
2023-03-31,59.0,0.4,23.6,False
2023-04-01,34.0,0.34,11.56,False
2023-04-02,39.0,0.34,13.260000000000002,False
2023-04-03,66.0,0.34,22.44,False
2023-04-04,76.0,0.34,25.840000000000003,False
2023-04-05,53.0,0.34,18.02,False
2023-04-06,40.0,0.34,13.600000000000001,False
2023-04-07,29.0,0.34,9.860000000000001,False
2023-04-08,26.0,0.34,8.84,False
2023-04-09,39.0,0.34,13.260000000000002,False
2023-04-10,100.0,0.34,34.0,False
2023-04-11,91.0,0.34,30.94,False
2023-04-12,71.0,0.34,24.14,False
2023-04-13,66.0,0.34,22.44,False
2023-04-14,52.0,0.34,17.68,False
2023-04-15,31.0,0.34,10.540000000000001,False
2023-04-16,28.0,0.34,9.520000000000001,False
2023-04-17,70.0,0.34,23.8,False
2023-04-18,62.0,0.34,21.080000000000002,False
2023-04-19,62.0,0.34,21.080000000000002,False
2023-04-20,61.0,0.34,20.740000000000002,False
2023-04-21,51.0,0.34,17.34,False
2023-04-22,25.0,0.34,8.5,False
2023-04-23,38.0,0.34,12.920000000000002,False
2023-04-24,63.0,0.34,21.42,False
2023-04-25,64.0,0.34,21.76,False
2023-04-26,65.0,0.34,22.1,False
2023-04-27,60.0,0.34,20.400000000000002,False
2023-04-28,49.0,0.34,16.66,False
2023-04-29,28.0,0.34,9.520000000000001,False
2023-04-30,31.0,0.34,10.540000000000001,False
2023-05-01,50.0,0.34,17.0,False
2023-05-02,84.0,0.34,28.560000000000002,False
2023-05-03,95.0,0.34,32.300000000000004,False
2023-05-04,98.0,0.34,33.32,False
2023-05-05,69.0,0.34,23.46,False
2023-05-06,34.0,0.34,11.56,False
2023-05-07,39.0,0.34,13.260000000000002,False
2023-05-08,97.0,0.34,32.980000000000004,False
2023-05-09,94.0,0.34,31.96,False
2023-05-10,100.0,0.34,34.0,False
2023-05-11,91.0,0.34,30.94,False
2023-05-12,62.0,0.34,21.080000000000002,False
2023-05-13,30.0,0.34,10.200000000000001,False
2023-05-14,40.0,0.34,13.600000000000001,False
2023-05-15,66.0,0.34,22.44,False
2023-05-16,80.0,0.34,27.200000000000003,False
2023-05-17,74.0,0.34,25.16,False
2023-05-18,67.0,0.34,22.78,False
2023-05-19,62.0,0.34,21.080000000000002,False
2023-05-20,34.0,0.34,11.56,False
2023-05-21,36.0,0.34,12.24,False
2023-05-22,74.0,0.34,25.16,False
2023-05-23,74.0,0.34,25.16,False
2023-05-24,72.0,0.34,24.48,False
2023-05-25,71.0,0.34,24.14,False
2023-05-26,51.0,0.34,17.34,False
2023-05-27,32.0,0.34,10.88,False
2023-05-28,34.0,0.34,11.56,False
2023-05-29,81.0,0.34,27.540000000000003,False
2023-05-30,89.0,0.34,30.26,False
2023-05-31,78.0,0.34,26.520000000000003,False
2023-06-01,83.0,0.39,32.370000000000005,False
2023-06-02,83.0,0.39,32.370000000000005,False
2023-06-03,42.0,0.39,16.38,False
2023-06-04,43.0,0.39,16.77,False
2023-06-05,96.0,0.39,37.44,False
2023-06-06,84.0,0.39,32.76,False
2023-06-07,81.0,0.39,31.59,False
2023-06-08,75.0,0.39,29.25,False
2023-06-09,92.0,0.39,35.88,False
2023-06-10,65.0,0.39,25.35,False
2023-06-11,66.0,0.39,25.740000000000002,False
2023-06-12,100.0,0.39,39.0,False
2023-06-13,87.0,0.39,33.93,False
2023-06-14,82.0,0.39,31.98,False
2023-06-15,78.0,0.39,30.42,False
2023-06-16,71.0,0.39,27.69,False
2023-06-17,32.0,0.39,12.48,False
2023-06-18,34.0,0.39,13.26,False
2023-06-19,84.0,0.39,32.76,False
2023-06-20,84.0,0.39,32.76,False
2023-06-21,73.0,0.39,28.470000000000002,False
2023-06-22,73.0,0.39,28.470000000000002,False
2023-06-23,74.0,0.39,28.86,False
2023-06-24,38.0,0.39,14.82,False
2023-06-25,47.0,0.39,18.330000000000002,False
2023-06-26,96.0,0.39,37.44,False
2023-06-27,91.0,0.39,35.49,False
2023-06-28,82.0,0.39,31.98,False
2023-06-29,88.0,0.39,34.32,False
2023-06-30,87.0,0.39,33.93,False
2023-07-01,43.0,0.37,15.91,False
2023-07-02,47.0,0.37,17.39,False
2023-07-03,100.0,0.37,37.0,False
2023-07-04,94.0,0.37,34.78,False
2023-07-05,90.0,0.37,33.3,False
2023-07-06,76.0,0.37,28.12,False
2023-07-07,68.0,0.37,25.16,False
2023-07-08,35.0,0.37,12.95,False
2023-07-09,34.0,0.37,12.58,False
2023-07-10,88.0,0.37,32.56,False
2023-07-11,80.0,0.37,29.6,False
2023-07-12,65.0,0.37,24.05,False
2023-07-13,58.0,0.37,21.46,False
2023-07-14,55.0,0.37,20.35,False
2023-07-15,34.0,0.37,12.58,False
2023-07-16,34.0,0.37,12.58,False
2023-07-17,68.0,0.37,25.16,False
2023-07-18,67.0,0.37,24.79,False
2023-07-19,63.0,0.37,23.31,False
2023-07-20,63.0,0.37,23.31,False
2023-07-21,41.0,0.37,15.17,False
2023-07-22,33.0,0.37,12.209999999999999,False
2023-07-23,29.0,0.37,10.73,False
2023-07-24,65.0,0.37,24.05,False
2023-07-25,56.0,0.37,20.72,False
2023-07-26,62.0,0.37,22.94,False
2023-07-27,74.0,0.37,27.38,False
2023-07-28,53.0,0.37,19.61,False
2023-07-29,29.0,0.37,10.73,False
2023-07-30,36.0,0.37,13.32,False
2023-07-31,71.0,0.37,26.27,False
2023-08-01,100.0,0.31,31.0,False
2023-08-02,93.0,0.31,28.83,False
2023-08-03,90.0,0.31,27.9,False
2023-08-04,71.0,0.31,22.01,False
2023-08-05,40.0,0.31,12.4,False
2023-08-06,48.0,0.31,14.879999999999999,False
2023-08-07,89.0,0.31,27.59,False
2023-08-08,82.0,0.31,25.419999999999998,False
2023-08-09,85.0,0.31,26.35,False
2023-08-10,80.0,0.31,24.8,False
2023-08-11,65.0,0.31,20.15,False
2023-08-12,31.0,0.31,9.61,False
2023-08-13,41.0,0.31,12.709999999999999,False
2023-08-14,63.0,0.31,19.53,False
2023-08-15,45.0,0.31,13.95,False
2023-08-16,77.0,0.31,23.87,False
2023-08-17,61.0,0.31,18.91,False
2023-08-18,58.0,0.31,17.98,False
2023-08-19,30.0,0.31,9.3,False
2023-08-20,34.0,0.31,10.54,False
2023-08-21,72.0,0.31,22.32,False
2023-08-22,69.0,0.31,21.39,False
2023-08-23,64.0,0.31,19.84,False
2023-08-24,64.0,0.31,19.84,False
2023-08-25,52.0,0.31,16.12,False
2023-08-26,30.0,0.31,9.3,False
2023-08-27,34.0,0.31,10.54,False
2023-08-28,71.0,0.31,22.01,False
2023-08-29,80.0,0.31,24.8,False
2023-08-30,75.0,0.31,23.25,False
2023-08-31,78.0,0.31,24.18,False
2023-09-01,83.0,0.39,32.370000000000005,False
2023-09-02,34.0,0.39,13.26,False
2023-09-03,42.0,0.39,16.38,False
2023-09-04,100.0,0.39,39.0,False
2023-09-05,85.0,0.39,33.15,False
2023-09-06,87.0,0.39,33.93,False
2023-09-07,83.0,0.39,32.370000000000005,False
2023-09-08,61.0,0.39,23.79,False
2023-09-09,53.0,0.39,20.67,False
2023-09-10,64.0,0.39,24.96,False
2023-09-11,95.0,0.39,37.050000000000004,False
2023-09-12,81.0,0.39,31.59,False
2023-09-13,73.0,0.39,28.470000000000002,False
2023-09-14,77.0,0.39,30.03,False
2023-09-15,56.0,0.39,21.84,False
2023-09-16,30.0,0.39,11.700000000000001,False
2023-09-17,33.0,0.39,12.870000000000001,False
2023-09-18,84.0,0.39,32.76,False
2023-09-19,94.0,0.39,36.660000000000004,False
2023-09-20,77.0,0.39,30.03,False
2023-09-21,73.0,0.39,28.470000000000002,False
2023-09-22,69.0,0.39,26.91,False
2023-09-23,32.0,0.39,12.48,False
2023-09-24,36.0,0.39,14.040000000000001,False
2023-09-25,87.0,0.39,33.93,False
2023-09-26,85.0,0.39,33.15,False
2023-09-27,76.0,0.39,29.64,False
2023-09-28,73.0,0.39,28.470000000000002,False
2023-09-29,70.0,0.39,27.3,False
2023-09-30,34.0,0.39,13.26,False
2023-10-01,49.0,0.38,18.62,False
2023-10-02,100.0,0.38,38.0,False
2023-10-03,97.0,0.38,36.86,False
2023-10-04,89.0,0.38,33.82,False
2023-10-05,92.0,0.38,34.96,False
2023-10-06,76.0,0.38,28.88,False
2023-10-07,35.0,0.38,13.3,False
2023-10-08,38.0,0.38,14.44,False
2023-10-09,99.0,0.38,37.62,False
2023-10-10,93.0,0.38,35.34,False
2023-10-11,75.0,0.38,28.5,False
2023-10-12,41.0,0.38,15.58,False
2023-10-13,57.0,0.38,21.66,False
2023-10-14,33.0,0.38,12.540000000000001,False
2023-10-15,42.0,0.38,15.96,False
2023-10-16,91.0,0.38,34.58,False
2023-10-17,83.0,0.38,31.54,False
2023-10-18,72.0,0.38,27.36,False
2023-10-19,74.0,0.38,28.12,False
2023-10-20,57.0,0.38,21.66,False
2023-10-21,29.0,0.38,11.02,False
2023-10-22,36.0,0.38,13.68,False
2023-10-23,75.0,0.38,28.5,False
2023-10-24,75.0,0.38,28.5,False
2023-10-25,75.0,0.38,28.5,False
2023-10-26,67.0,0.38,25.46,False
2023-10-27,68.0,0.38,25.84,False
2023-10-28,27.0,0.38,10.26,False
2023-10-29,31.0,0.38,11.78,False
2023-10-30,70.0,0.38,26.6,False
2023-10-31,72.0,0.38,27.36,False
2023-11-01,42.0,0.41,17.22,False
2023-11-02,52.0,0.41,21.32,False
2023-11-03,52.0,0.41,21.32,False
2023-11-04,20.0,0.41,8.2,False
2023-11-05,25.0,0.41,10.25,False
2023-11-06,67.0,0.41,27.47,False
2023-11-07,58.0,0.41,23.779999999999998,False
2023-11-08,51.0,0.41,20.91,False
2023-11-09,54.0,0.41,22.139999999999997,False
2023-11-10,60.0,0.41,24.599999999999998,False
2023-11-11,26.0,0.41,10.66,False
2023-11-12,32.0,0.41,13.12,False
2023-11-13,100.0,0.41,41.0,False
2023-11-14,66.0,0.41,27.06,False
2023-11-15,57.0,0.41,23.369999999999997,False
2023-11-16,54.0,0.41,22.139999999999997,False
2023-11-17,43.0,0.41,17.63,False
2023-11-18,24.0,0.41,9.84,False
2023-11-19,30.0,0.41,12.299999999999999,False
2023-11-20,66.0,0.41,27.06,False
2023-11-21,50.0,0.41,20.5,False
2023-11-22,51.0,0.41,20.91,False
2023-11-23,51.0,0.41,20.91,False
2023-11-24,42.0,0.41,17.22,False
2023-11-25,21.0,0.41,8.61,False
2023-11-26,24.0,0.41,9.84,False
2023-11-27,57.0,0.41,23.369999999999997,False
2023-11-28,64.0,0.41,26.24,False
2023-11-29,68.0,0.41,27.88,False
2023-11-30,67.0,0.41,27.47,False
2023-12-01,31.0,0.45,13.950000000000001,False
2023-12-02,20.0,0.45,9.0,False
2023-12-03,15.0,0.45,6.75,False
2023-12-04,42.0,0.45,18.900000000000002,False
2023-12-05,31.0,0.45,13.950000000000001,False
2023-12-06,16.0,0.45,7.2,False
2023-12-07,23.0,0.45,10.35,False
2023-12-08,16.0,0.45,7.2,False
2023-12-09,17.0,0.45,7.65,False
2023-12-10,26.0,0.45,11.700000000000001,False
2023-12-11,38.0,0.45,17.1,False
2023-12-12,30.0,0.45,13.5,False
2023-12-13,26.0,0.45,11.700000000000001,False
2023-12-14,25.0,0.45,11.25,False
2023-12-15,23.0,0.45,10.35,False
2023-12-16,12.0,0.45,5.4,False
2023-12-17,12.0,0.45,5.4,False
2023-12-18,25.0,0.45,11.25,False
2023-12-19,100.0,0.45,45.0,False
2023-12-20,54.0,0.45,24.3,False
2023-12-21,38.0,0.45,17.1,False
2023-12-22,22.0,0.45,9.9,False
2023-12-23,12.0,0.45,5.4,False
2023-12-24,14.0,0.45,6.3,False
2023-12-25,13.0,0.45,5.8500000000000005,False
2023-12-26,26.0,0.45,11.700000000000001,False
2023-12-27,29.0,0.45,13.05,False
2023-12-28,24.0,0.45,10.8,False
2023-12-29,22.0,0.45,9.9,False
2023-12-30,14.0,0.45,6.3,False
2023-12-31,11.0,0.45,4.95,False
2024-01-01,31.0,0.47,14.569999999999999,False
2024-01-02,59.0,0.47,27.729999999999997,False
2024-01-03,58.0,0.47,27.259999999999998,False
2024-01-04,55.0,0.47,25.849999999999998,False
2024-01-05,37.0,0.47,17.39,False
2024-01-06,26.0,0.47,12.219999999999999,False
2024-01-07,34.0,0.47,15.979999999999999,False
2024-01-08,80.0,0.47,37.599999999999994,False
2024-01-09,65.0,0.47,30.549999999999997,False
2024-01-10,100.0,0.47,47.0,False
2024-01-11,87.0,0.47,40.89,False
2024-01-12,59.0,0.47,27.729999999999997,False
2024-01-13,31.0,0.47,14.569999999999999,False
2024-01-14,32.0,0.47,15.04,False
2024-01-15,67.0,0.47,31.49,False
2024-01-16,55.0,0.47,25.849999999999998,False
2024-01-17,58.0,0.47,27.259999999999998,False
2024-01-18,52.0,0.47,24.439999999999998,False
2024-01-19,45.0,0.47,21.15,False
2024-01-20,32.0,0.47,15.04,False
2024-01-21,26.0,0.47,12.219999999999999,False
2024-01-22,56.0,0.47,26.32,False
2024-01-23,59.0,0.47,27.729999999999997,False
2024-01-24,54.0,0.47,25.38,False
2024-01-25,52.0,0.47,24.439999999999998,False
2024-01-26,43.0,0.47,20.209999999999997,False
2024-01-27,21.0,0.47,9.87,False
2024-01-28,30.0,0.47,14.1,False
2024-01-29,52.0,0.47,24.439999999999998,False
2024-01-30,56.0,0.47,26.32,False
2024-01-31,56.0,0.47,26.32,False
2024-02-01,100.0,0.38,38.0,False
2024-02-02,84.0,0.38,31.92,False
2024-02-03,47.0,0.38,17.86,False
2024-02-04,52.0,0.38,19.76,False
2024-02-05,100.0,0.38,38.0,False
2024-02-06,93.0,0.38,35.34,False
2024-02-07,89.0,0.38,33.82,False
2024-02-08,92.0,0.38,34.96,False
2024-02-09,81.0,0.38,30.78,False
2024-02-10,39.0,0.38,14.82,False
2024-02-11,41.0,0.38,15.58,False
2024-02-12,88.0,0.38,33.44,False
2024-02-13,77.0,0.38,29.26,False
2024-02-14,77.0,0.38,29.26,False
2024-02-15,72.0,0.38,27.36,False
2024-02-16,65.0,0.38,24.7,False
2024-02-17,33.0,0.38,12.540000000000001,False
2024-02-18,42.0,0.38,15.96,False
2024-02-19,79.0,0.38,30.02,False
2024-02-20,78.0,0.38,29.64,False
2024-02-21,86.0,0.38,32.68,False
2024-02-22,76.0,0.38,28.88,False
2024-02-23,72.0,0.38,27.36,False
2024-02-24,31.0,0.38,11.78,False
2024-02-25,38.0,0.38,14.44,False
2024-02-26,77.0,0.38,29.26,False
2024-02-27,77.0,0.38,29.26,False
2024-02-28,71.0,0.38,26.98,False
2024-02-29,80.0,0.38,30.4,False
2024-03-01,81.0,0.32,25.92,False
2024-03-02,32.0,0.32,10.24,False
2024-03-03,43.0,0.32,13.76,False
2024-03-04,100.0,0.32,32.0,False
2024-03-05,87.0,0.32,27.84,False
2024-03-06,93.0,0.32,29.76,False
2024-03-07,86.0,0.32,27.52,False
2024-03-08,78.0,0.32,24.96,False
2024-03-09,53.0,0.32,16.96,False
2024-03-10,68.0,0.32,21.76,False
2024-03-11,91.0,0.32,29.12,False
2024-03-12,93.0,0.32,29.76,False
2024-03-13,85.0,0.32,27.2,False
2024-03-14,69.0,0.32,22.080000000000002,False
2024-03-15,57.0,0.32,18.240000000000002,False
2024-03-16,34.0,0.32,10.88,False
2024-03-17,39.0,0.32,12.48,False
2024-03-18,83.0,0.32,26.560000000000002,False
2024-03-19,75.0,0.32,24.0,False
2024-03-20,74.0,0.32,23.68,False
2024-03-21,72.0,0.32,23.04,False
2024-03-22,63.0,0.32,20.16,False
2024-03-23,28.0,0.32,8.96,False
2024-03-24,38.0,0.32,12.16,False
2024-03-25,77.0,0.32,24.64,False
2024-03-26,75.0,0.32,24.0,False
2024-03-27,67.0,0.32,21.44,False
2024-03-28,43.0,0.32,13.76,False
2024-03-29,33.0,0.32,10.56,False
2024-03-30,29.0,0.32,9.28,False
2024-03-31,39.0,0.32,12.48,False
2024-04-01,89.0,0.35,31.15,False
2024-04-02,100.0,0.35,35.0,False
2024-04-03,93.0,0.35,32.55,False
2024-04-04,95.0,0.35,33.25,False
2024-04-05,74.0,0.35,25.9,False
2024-04-06,32.0,0.35,11.2,False
2024-04-07,39.0,0.35,13.649999999999999,False
2024-04-08,90.0,0.35,31.499999999999996,False
2024-04-09,91.0,0.35,31.849999999999998,False
2024-04-10,98.0,0.35,34.3,False
2024-04-11,75.0,0.35,26.25,False
2024-04-12,72.0,0.35,25.2,False
2024-04-13,28.0,0.35,9.799999999999999,False
2024-04-14,40.0,0.35,14.0,False
2024-04-15,91.0,0.35,31.849999999999998,False
2024-04-16,69.0,0.35,24.15,False
2024-04-17,79.0,0.35,27.65,False
2024-04-18,77.0,0.35,26.95,False
2024-04-19,59.0,0.35,20.65,False
2024-04-20,38.0,0.35,13.299999999999999,False
2024-04-21,45.0,0.35,15.749999999999998,False
2024-04-22,79.0,0.35,27.65,False
2024-04-23,73.0,0.35,25.549999999999997,False
2024-04-24,74.0,0.35,25.9,False
2024-04-25,70.0,0.35,24.5,False
2024-04-26,67.0,0.35,23.45,False
2024-04-27,40.0,0.35,14.0,False
2024-04-28,40.0,0.35,14.0,False
2024-04-29,76.0,0.35,26.599999999999998,False
2024-04-30,70.0,0.35,24.5,False
2024-05-01,26.0,0.44,11.44,False
2024-05-02,38.0,0.44,16.72,False
2024-05-03,34.0,0.44,14.96,False
2024-05-04,18.0,0.44,7.92,False
2024-05-05,17.0,0.44,7.48,False
2024-05-06,48.0,0.44,21.12,False
2024-05-07,51.0,0.44,22.44,False
2024-05-08,100.0,0.44,44.0,False
2024-05-09,74.0,0.44,32.56,False
2024-05-10,44.0,0.44,19.36,False
2024-05-11,18.0,0.44,7.92,False
2024-05-12,20.0,0.44,8.8,False
2024-05-13,41.0,0.44,18.04,False
2024-05-14,35.0,0.44,15.4,False
2024-05-15,38.0,0.44,16.72,False
2024-05-16,37.0,0.44,16.28,False
2024-05-17,32.0,0.44,14.08,False
2024-05-18,21.0,0.44,9.24,False
2024-05-19,20.0,0.44,8.8,False
2024-05-20,40.0,0.44,17.6,False
2024-05-21,64.0,0.44,28.16,False
2024-05-22,69.0,0.44,30.36,False
2024-05-23,49.0,0.44,21.56,False
2024-05-24,31.0,0.44,13.64,False
2024-05-25,19.0,0.44,8.36,False
2024-05-26,21.0,0.44,9.24,False
2024-05-27,42.0,0.44,18.48,False
2024-05-28,38.0,0.44,16.72,False
2024-05-29,37.0,0.44,16.28,False
2024-05-30,38.0,0.44,16.72,False
2024-05-31,32.0,0.44,14.08,False
2024-06-01,36.0,0.39,14.040000000000001,False
2024-06-02,51.0,0.39,19.89,False
2024-06-03,88.0,0.39,34.32,False
2024-06-04,87.0,0.39,33.93,False
2024-06-05,84.0,0.39,32.76,False
2024-06-06,87.0,0.39,33.93,False
2024-06-07,65.0,0.39,25.35,False
2024-06-08,34.0,0.39,13.26,False
2024-06-09,43.0,0.39,16.77,False
2024-06-10,94.0,0.39,36.660000000000004,False
2024-06-11,76.0,0.39,29.64,False
2024-06-12,73.0,0.39,28.470000000000002,False
2024-06-13,69.0,0.39,26.91,False
2024-06-14,55.0,0.39,21.45,False
2024-06-15,33.0,0.39,12.870000000000001,False
2024-06-16,35.0,0.39,13.65,False
2024-06-17,86.0,0.39,33.54,False
2024-06-18,73.0,0.39,28.470000000000002,False
2024-06-19,69.0,0.39,26.91,False
2024-06-20,77.0,0.39,30.03,False
2024-06-21,73.0,0.39,28.470000000000002,False
2024-06-22,39.0,0.39,15.21,False
2024-06-23,44.0,0.39,17.16,False
2024-06-24,83.0,0.39,32.370000000000005,False
2024-06-25,100.0,0.39,39.0,False
2024-06-26,79.0,0.39,30.810000000000002,False
2024-06-27,77.0,0.39,30.03,False
2024-06-28,73.0,0.39,28.470000000000002,False
2024-06-29,38.0,0.39,14.82,False
2024-06-30,52.0,0.39,20.28,False
2024-07-01,86.0,0.39,33.54,False
2024-07-02,100.0,0.39,39.0,False
2024-07-03,86.0,0.39,33.54,False
2024-07-04,91.0,0.39,35.49,False
2024-07-05,59.0,0.39,23.01,False
2024-07-06,30.0,0.39,11.700000000000001,False
2024-07-07,40.0,0.39,15.600000000000001,False
2024-07-08,91.0,0.39,35.49,False
2024-07-09,75.0,0.39,29.25,False
2024-07-10,83.0,0.39,32.370000000000005,False
2024-07-11,75.0,0.39,29.25,False
2024-07-12,62.0,0.39,24.18,False
2024-07-13,25.0,0.39,9.75,False
2024-07-14,31.0,0.39,12.09,False
2024-07-15,72.0,0.39,28.080000000000002,False
2024-07-16,86.0,0.39,33.54,False
2024-07-17,65.0,0.39,25.35,False
2024-07-18,71.0,0.39,27.69,False
2024-07-19,55.0,0.39,21.45,False
2024-07-20,29.0,0.39,11.31,False
2024-07-21,30.0,0.39,11.700000000000001,False
2024-07-22,66.0,0.39,25.740000000000002,False
2024-07-23,58.0,0.39,22.62,False
2024-07-24,72.0,0.39,28.080000000000002,False
2024-07-25,62.0,0.39,24.18,False
2024-07-26,63.0,0.39,24.57,False
2024-07-27,31.0,0.39,12.09,False
2024-07-28,26.0,0.39,10.14,False
2024-07-29,70.0,0.39,27.3,False
2024-07-30,65.0,0.39,25.35,False
2024-07-31,70.0,0.39,27.3,False
2024-08-01,76.0,0.31,23.56,False
2024-08-02,72.0,0.31,22.32,False
2024-08-03,37.0,0.31,11.47,False
2024-08-04,27.0,0.31,8.37,False
2024-08-05,89.0,0.31,27.59,False
2024-08-06,100.0,0.31,31.0,False
2024-08-07,84.0,0.31,26.04,False
2024-08-08,78.0,0.31,24.18,False
2024-08-09,63.0,0.31,19.53,False
2024-08-10,44.0,0.31,13.64,False
2024-08-11,32.0,0.31,9.92,False
2024-08-12,75.0,0.31,23.25,False
2024-08-13,76.0,0.31,23.56,False
2024-08-14,56.0,0.31,17.36,False
2024-08-15,35.0,0.31,10.85,False
2024-08-16,50.0,0.31,15.5,False
2024-08-17,26.0,0.31,8.06,False
2024-08-18,30.0,0.31,9.3,False
2024-08-19,69.0,0.31,21.39,False
2024-08-20,74.0,0.31,22.94,False
2024-08-21,71.0,0.31,22.01,False
2024-08-22,68.0,0.31,21.08,False
2024-08-23,59.0,0.31,18.29,False
2024-08-24,40.0,0.31,12.4,False
2024-08-25,32.0,0.31,9.92,False
2024-08-26,68.0,0.31,21.08,False
2024-08-27,66.0,0.31,20.46,False
2024-08-28,66.0,0.31,20.46,False
2024-08-29,65.0,0.31,20.15,False
2024-08-30,59.0,0.31,18.29,False
2024-08-31,34.0,0.31,10.54,False
2024-09-01,42.0,0.4,16.8,False
2024-09-02,84.0,0.4,33.6,False
2024-09-03,81.0,0.4,32.4,False
2024-09-04,69.0,0.4,27.6,False
2024-09-05,68.0,0.4,27.200000000000003,False
2024-09-06,62.0,0.4,24.8,False
2024-09-07,40.0,0.4,16.0,False
2024-09-08,30.0,0.4,12.0,False
2024-09-09,78.0,0.4,31.200000000000003,False
2024-09-10,100.0,0.4,40.0,False
2024-09-11,69.0,0.4,27.6,False
2024-09-12,68.0,0.4,27.200000000000003,False
2024-09-13,60.0,0.4,24.0,False
2024-09-14,37.0,0.4,14.8,False
2024-09-15,34.0,0.4,13.600000000000001,False
2024-09-16,79.0,0.4,31.6,False
2024-09-17,71.0,0.4,28.400000000000002,False
2024-09-18,66.0,0.4,26.400000000000002,False
2024-09-19,62.0,0.4,24.8,False
2024-09-20,62.0,0.4,24.8,False
2024-09-21,25.0,0.4,10.0,False
2024-09-22,31.0,0.4,12.4,False
2024-09-23,68.0,0.4,27.200000000000003,False
2024-09-24,69.0,0.4,27.6,False
2024-09-25,63.0,0.4,25.200000000000003,False
2024-09-26,60.0,0.4,24.0,False
2024-09-27,52.0,0.4,20.8,False
2024-09-28,33.0,0.4,13.200000000000001,False
2024-09-29,38.0,0.4,15.200000000000001,False
2024-09-30,71.0,0.4,28.400000000000002,False
2024-10-01,88.0,0.41,36.08,False
2024-10-02,93.0,0.41,38.129999999999995,False
2024-10-03,89.0,0.41,36.489999999999995,False
2024-10-04,77.0,0.41,31.569999999999997,False
2024-10-05,34.0,0.41,13.94,False
2024-10-06,44.0,0.41,18.04,False
2024-10-07,94.0,0.41,38.54,False
2024-10-08,100.0,0.41,41.0,False
2024-10-09,87.0,0.41,35.669999999999995,False
2024-10-10,99.0,0.41,40.589999999999996,False
2024-10-11,61.0,0.41,25.009999999999998,False
2024-10-12,35.0,0.41,14.35,False
2024-10-13,50.0,0.41,20.5,False
2024-10-14,84.0,0.41,34.44,False
2024-10-15,83.0,0.41,34.03,False
2024-10-16,70.0,0.41,28.7,False
2024-10-17,76.0,0.41,31.159999999999997,False
2024-10-18,69.0,0.41,28.29,False
2024-10-19,35.0,0.41,14.35,False
2024-10-20,37.0,0.41,15.17,False
2024-10-21,85.0,0.41,34.85,False
2024-10-22,92.0,0.41,37.72,False
2024-10-23,83.0,0.41,34.03,False
2024-10-24,82.0,0.41,33.62,False
2024-10-25,56.0,0.41,22.959999999999997,False
2024-10-26,32.0,0.41,13.12,False
2024-10-27,44.0,0.41,18.04,False
2024-10-28,82.0,0.41,33.62,False
2024-10-29,78.0,0.41,31.979999999999997,False
2024-10-30,74.0,0.41,30.34,False
2024-10-31,69.0,0.41,28.29,False
2024-11-01,50.0,0.42,21.0,False
2024-11-02,46.0,0.42,19.32,False
2024-11-03,36.0,0.42,15.12,False
2024-11-04,97.0,0.42,40.74,False
2024-11-05,94.0,0.42,39.48,False
2024-11-06,93.0,0.42,39.059999999999995,False
2024-11-07,85.0,0.42,35.699999999999996,False
2024-11-08,79.0,0.42,33.18,False
2024-11-09,46.0,0.42,19.32,False
2024-11-10,66.0,0.42,27.72,False
2024-11-11,100.0,0.42,42.0,False
2024-11-12,85.0,0.42,35.699999999999996,False
2024-11-13,74.0,0.42,31.08,False
2024-11-14,69.0,0.42,28.98,False
2024-11-15,65.0,0.42,27.3,False
2024-11-16,30.0,0.42,12.6,False
2024-11-17,40.0,0.42,16.8,False
2024-11-18,76.0,0.42,31.919999999999998,False
2024-11-19,73.0,0.42,30.66,False
2024-11-20,64.0,0.42,26.88,False
2024-11-21,73.0,0.42,30.66,False
2024-11-22,66.0,0.42,27.72,False
2024-11-23,35.0,0.42,14.7,False
2024-11-24,33.0,0.42,13.86,False
2024-11-25,68.0,0.42,28.56,False
2024-11-26,62.0,0.42,26.04,False
2024-11-27,69.0,0.42,28.98,False
2024-11-28,62.0,0.42,26.04,False
2024-11-29,62.0,0.42,26.04,False
2024-11-30,29.0,0.42,12.18,False
2024-12-01,35.0,0.35,12.25,False
2024-12-02,85.0,0.35,29.749999999999996,False
2024-12-03,78.0,0.35,27.299999999999997,False
2024-12-04,69.0,0.35,24.15,False
2024-12-05,65.0,0.35,22.75,False
2024-12-06,38.0,0.35,13.299999999999999,False
2024-12-07,31.0,0.35,10.85,False
2024-12-08,45.0,0.35,15.749999999999998,False
2024-12-09,72.0,0.35,25.2,False
2024-12-10,100.0,0.35,35.0,False
2024-12-11,88.0,0.35,30.799999999999997,False
2024-12-12,81.0,0.35,28.349999999999998,False
2024-12-13,66.0,0.35,23.099999999999998,False
2024-12-14,33.0,0.35,11.549999999999999,False
2024-12-15,44.0,0.35,15.399999999999999,False
2024-12-16,74.0,0.35,25.9,False
2024-12-17,71.0,0.35,24.849999999999998,False
2024-12-18,70.0,0.35,24.5,False
2024-12-19,69.0,0.35,24.15,False
2024-12-20,55.0,0.35,19.25,False
2024-12-21,35.0,0.35,12.25,False
2024-12-22,29.0,0.35,10.149999999999999,False
2024-12-23,73.0,0.35,25.549999999999997,False
2024-12-24,41.0,0.35,14.35,False
2024-12-25,38.0,0.35,13.299999999999999,False
2024-12-26,68.0,0.35,23.799999999999997,False
2024-12-27,62.0,0.35,21.7,False
2024-12-28,41.0,0.35,14.35,False
2024-12-29,38.0,0.35,13.299999999999999,False
2024-12-30,75.0,0.35,26.25,False
2024-12-31,42.0,0.35,14.7,False
2025-01-01,41.0,0.42,17.22,False
2025-01-02,88.0,0.42,36.96,False
2025-01-03,95.0,0.42,39.9,False
2025-01-04,40.0,0.42,16.8,False
2025-01-05,31.0,0.42,13.02,False
2025-01-06,39.0,0.42,16.38,False
2025-01-07,94.0,0.42,39.48,False
2025-01-08,87.0,0.42,36.54,False
2025-01-09,95.0,0.42,39.9,False
2025-01-10,100.0,0.42,42.0,False
2025-01-11,34.0,0.42,14.28,False
2025-01-12,37.0,0.42,15.54,False
2025-01-13,87.0,0.42,36.54,False
2025-01-14,78.0,0.42,32.76,False
2025-01-15,84.0,0.42,35.28,False
2025-01-16,67.0,0.42,28.14,False
2025-01-17,68.0,0.42,28.56,False
2025-01-18,34.0,0.42,14.28,False
2025-01-19,37.0,0.42,15.54,False
2025-01-20,75.0,0.42,31.5,False
2025-01-21,62.0,0.42,26.04,False
2025-01-22,76.0,0.42,31.919999999999998,False
2025-01-23,55.0,0.42,23.099999999999998,False
2025-01-24,51.0,0.42,21.419999999999998,False
2025-01-25,29.0,0.42,12.18,False
2025-01-26,33.0,0.42,13.86,False
2025-01-27,65.0,0.42,27.3,False
2025-01-28,72.0,0.42,30.24,False
2025-01-29,67.0,0.42,28.14,False
2025-01-30,68.0,0.42,28.56,False
2025-01-31,63.0,0.42,26.459999999999997,False
2025-02-01,38.0,0.43,16.34,False
2025-02-02,36.0,0.43,15.48,False
2025-02-03,75.0,0.43,32.25,False
2025-02-04,81.0,0.43,34.83,False
2025-02-05,77.0,0.43,33.11,False
2025-02-06,74.0,0.43,31.82,False
2025-02-07,66.0,0.43,28.38,False
2025-02-08,31.0,0.43,13.33,False
2025-02-09,41.0,0.43,17.63,False
2025-02-10,100.0,0.43,43.0,False
2025-02-11,81.0,0.43,34.83,False
2025-02-12,79.0,0.43,33.97,False
2025-02-13,63.0,0.43,27.09,False
2025-02-14,62.0,0.43,26.66,False
2025-02-15,34.0,0.43,14.62,False
2025-02-16,38.0,0.43,16.34,False
2025-02-17,78.0,0.43,33.54,False
2025-02-18,75.0,0.43,32.25,False
2025-02-19,75.0,0.43,32.25,False
2025-02-20,72.0,0.43,30.96,False
2025-02-21,61.0,0.43,26.23,False
2025-02-22,34.0,0.43,14.62,False
2025-02-23,27.0,0.43,11.61,False
2025-02-24,70.0,0.43,30.099999999999998,False
2025-02-25,67.0,0.43,28.81,False
2025-02-26,61.0,0.43,26.23,False
2025-02-27,55.0,0.43,23.65,False
2025-02-28,52.0,0.43,22.36,False
2025-03-01,31.0,0.37,11.47,False
2025-03-02,32.0,0.37,11.84,False
2025-03-03,84.0,0.37,31.08,False
2025-03-04,73.0,0.37,27.009999999999998,False
2025-03-05,68.0,0.37,25.16,False
2025-03-06,75.0,0.37,27.75,False
2025-03-07,60.0,0.37,22.2,False
2025-03-08,28.0,0.37,10.36,False
2025-03-09,36.0,0.37,13.32,False
2025-03-10,100.0,0.37,37.0,False
2025-03-11,71.0,0.37,26.27,False
2025-03-12,70.0,0.37,25.9,False
2025-03-13,61.0,0.37,22.57,False
2025-03-14,53.0,0.37,19.61,False
2025-03-15,30.0,0.37,11.1,False
2025-03-16,29.0,0.37,10.73,False
2025-03-17,64.0,0.37,23.68,False
2025-03-18,61.0,0.37,22.57,False
2025-03-19,54.0,0.37,19.98,False
2025-03-20,62.0,0.37,22.94,False
2025-03-21,52.0,0.37,19.24,False
2025-03-22,24.0,0.37,8.879999999999999,False
2025-03-23,29.0,0.37,10.73,False
2025-03-24,68.0,0.37,25.16,False
2025-03-25,62.0,0.37,22.94,False
2025-03-26,56.0,0.37,20.72,False
2025-03-27,70.0,0.37,25.9,False
2025-03-28,52.0,0.37,19.24,False
2025-03-29,26.0,0.37,9.62,False
2025-03-30,28.0,0.37,10.36,False
2025-03-31,71.0,0.37,26.27,False
2025-04-01,91.0,0.35,31.849999999999998,False
2025-04-02,91.0,0.35,31.849999999999998,False
2025-04-03,83.0,0.35,29.049999999999997,False
2025-04-04,71.0,0.35,24.849999999999998,False
2025-04-05,36.0,0.35,12.6,False
2025-04-06,43.0,0.35,15.049999999999999,False
2025-04-07,90.0,0.35,31.499999999999996,False
2025-04-08,81.0,0.35,28.349999999999998,False
2025-04-09,81.0,0.35,28.349999999999998,False
2025-04-10,100.0,0.35,35.0,False
2025-04-11,69.0,0.35,24.15,False
2025-04-12,30.0,0.35,10.5,False
2025-04-13,40.0,0.35,14.0,False
2025-04-14,77.0,0.35,26.95,False
2025-04-15,67.0,0.35,23.45,False
2025-04-16,55.0,0.35,19.25,False
2025-04-17,39.0,0.35,13.649999999999999,False
2025-04-18,29.0,0.35,10.149999999999999,False
2025-04-19,29.0,0.35,10.149999999999999,False
2025-04-20,28.0,0.35,9.799999999999999,False
2025-04-21,64.0,0.35,22.4,False
2025-04-22,76.0,0.35,26.599999999999998,False
2025-04-23,72.0,0.35,25.2,False
2025-04-24,71.0,0.35,24.849999999999998,False
2025-04-25,55.0,0.35,19.25,False
2025-04-26,27.0,0.35,9.45,False
2025-04-27,34.0,0.35,11.899999999999999,False
2025-04-28,51.0,0.35,17.849999999999998,False
2025-04-29,61.0,0.35,21.349999999999998,False
2025-04-30,64.0,0.35,22.4,False
2025-05-01,35.0,0.35,12.25,False
2025-05-02,52.0,0.35,18.2,False
2025-05-03,30.0,0.35,10.5,False
2025-05-04,33.0,0.35,11.549999999999999,False
2025-05-05,100.0,0.35,35.0,False
2025-05-06,96.0,0.35,33.599999999999994,False
2025-05-07,95.0,0.35,33.25,False
2025-05-08,79.0,0.35,27.65,False
2025-05-09,87.0,0.35,30.45,False
2025-05-10,41.0,0.35,14.35,False
2025-05-11,36.0,0.35,12.6,False
2025-05-12,84.0,0.35,29.4,False
2025-05-13,82.0,0.35,28.7,False
2025-05-14,65.0,0.35,22.75,False
2025-05-15,55.0,0.35,19.25,False
2025-05-16,65.0,0.35,22.75,False
2025-05-17,29.0,0.35,10.149999999999999,False
2025-05-18,32.0,0.35,11.2,False
2025-05-19,75.0,0.35,26.25,False
2025-05-20,75.0,0.35,26.25,False
2025-05-21,65.0,0.35,22.75,False
2025-05-22,67.0,0.35,23.45,False
2025-05-23,56.0,0.35,19.599999999999998,False
2025-05-24,37.0,0.35,12.95,False
2025-05-25,28.0,0.35,9.799999999999999,False
2025-05-26,66.0,0.35,23.099999999999998,False
2025-05-27,72.0,0.35,25.2,False
2025-05-28,63.0,0.35,22.049999999999997,False
2025-05-29,70.0,0.35,24.5,False
2025-05-30,63.0,0.35,22.049999999999997,False
2025-05-31,32.0,0.35,11.2,False
2025-06-01,42.0,0.37,15.54,False
2025-06-02,90.0,0.37,33.3,False
2025-06-03,93.0,0.37,34.41,False
2025-06-04,91.0,0.37,33.67,False
2025-06-05,74.0,0.37,27.38,False
2025-06-06,72.0,0.37,26.64,False
2025-06-07,37.0,0.37,13.69,False
2025-06-08,40.0,0.37,14.8,False
2025-06-09,93.0,0.37,34.41,False
2025-06-10,100.0,0.37,37.0,False
2025-06-11,88.0,0.37,32.56,False
2025-06-12,76.0,0.37,28.12,False
2025-06-13,62.0,0.37,22.94,False
2025-06-14,40.0,0.37,14.8,False
2025-06-15,51.0,0.37,18.87,False
2025-06-16,77.0,0.37,28.49,False
2025-06-17,78.0,0.37,28.86,False
2025-06-18,80.0,0.37,29.6,False
2025-06-19,68.0,0.37,25.16,False
2025-06-20,57.0,0.37,21.09,False
2025-06-21,39.0,0.37,14.43,False
2025-06-22,85.0,0.37,31.45,False
2025-06-23,78.0,0.37,28.86,False
2025-06-24,73.0,0.37,27.009999999999998,False
2025-06-25,94.0,0.37,34.78,False
2025-06-26,89.0,0.37,32.93,False
2025-06-27,77.0,0.37,28.49,False
2025-06-28,38.0,0.37,14.06,False
2025-06-29,50.0,0.37,18.5,False
2025-06-30,89.0,0.37,32.93,False
2025-07-01,81.0,0.4,32.4,False
2025-07-02,100.0,0.4,40.0,False
2025-07-03,80.0,0.4,32.0,False
2025-07-04,66.0,0.4,26.400000000000002,False
2025-07-05,26.0,0.4,10.4,False
2025-07-06,35.0,0.4,14.0,False
2025-07-07,83.0,0.4,33.2,False
2025-07-08,72.0,0.4,28.8,False
2025-07-09,85.0,0.4,34.0,False
2025-07-10,86.0,0.4,34.4,False
2025-07-11,62.0,0.4,24.8,False
2025-07-12,33.0,0.4,13.200000000000001,False
2025-07-13,34.0,0.4,13.600000000000001,False
2025-07-14,68.0,0.4,27.200000000000003,False
2025-07-15,69.0,0.4,27.6,False
2025-07-16,68.0,0.4,27.200000000000003,False
2025-07-17,64.0,0.4,25.6,False
2025-07-18,57.0,0.4,22.8,False
2025-07-19,38.0,0.4,15.200000000000001,False
2025-07-20,30.0,0.4,12.0,False
2025-07-21,62.0,0.4,24.8,False
2025-07-22,60.0,0.4,24.0,False
2025-07-23,61.0,0.4,24.400000000000002,False
2025-07-24,63.0,0.4,25.200000000000003,False
2025-07-25,45.0,0.4,18.0,False
2025-07-26,25.0,0.4,10.0,False
2025-07-27,31.0,0.4,12.4,False
2025-07-28,69.0,0.4,27.6,False
2025-07-29,64.0,0.4,25.6,False
2025-07-30,69.0,0.4,27.6,False
2025-07-31,59.0,0.4,23.6,False
2025-08-01,73.0,0.34,24.82,False
2025-08-02,47.0,0.34,15.98,False
2025-08-03,47.0,0.34,15.98,False
2025-08-04,100.0,0.34,34.0,False
2025-08-05,94.0,0.34,31.96,False
2025-08-06,83.0,0.34,28.220000000000002,False
2025-08-07,71.0,0.34,24.14,False
2025-08-08,63.0,0.34,21.42,False
2025-08-09,52.0,0.34,17.68,False
2025-08-10,88.0,0.34,29.92,False
2025-08-11,83.0,0.34,28.220000000000002,False
2025-08-12,79.0,0.34,26.860000000000003,False
2025-08-13,59.0,0.34,20.060000000000002,False
2025-08-14,64.0,0.34,21.76,False
2025-08-15,32.0,0.34,10.88,False
2025-08-16,33.0,0.34,11.22,False
2025-08-17,37.0,0.34,12.58,False
2025-08-18,65.0,0.34,22.1,False
2025-08-19,71.0,0.34,24.14,False
2025-08-20,67.0,0.34,22.78,False
2025-08-21,59.0,0.34,20.060000000000002,False
2025-08-22,52.0,0.34,17.68,False
2025-08-23,32.0,0.34,10.88,False
2025-08-24,36.0,0.34,12.24,False
2025-08-25,75.0,0.34,25.500000000000004,False
2025-08-26,73.0,0.34,24.82,False
2025-08-27,59.0,0.34,20.060000000000002,False
2025-08-28,66.0,0.34,22.44,False
2025-08-29,66.0,0.34,22.44,False
2025-08-30,30.0,0.34,10.200000000000001,False
2025-08-31,43.0,0.34,14.620000000000001,False
2025-09-01,88.0,0.41,36.08,False
2025-09-02,76.0,0.41,31.159999999999997,False
2025-09-03,68.0,0.41,27.88,False
2025-09-04,66.0,0.41,27.06,False
2025-09-05,56.0,0.41,22.959999999999997,False
2025-09-06,28.0,0.41,11.479999999999999,False
2025-09-07,32.0,0.41,13.12,False
2025-09-08,68.0,0.41,27.88,False
2025-09-09,76.0,0.41,31.159999999999997,False
2025-09-10,100.0,0.41,41.0,False
2025-09-11,59.0,0.41,24.189999999999998,False
2025-09-12,51.0,0.41,20.91,False
2025-09-13,23.0,0.41,9.43,False
2025-09-14,33.0,0.41,13.53,False
2025-09-15,64.0,0.41,26.24,False
2025-09-16,62.0,0.41,25.419999999999998,False
2025-09-17,65.0,0.41,26.65,False
2025-09-18,59.0,0.41,24.189999999999998,False
2025-09-19,49.0,0.41,20.09,False
2025-09-20,20.0,0.41,8.2,False
2025-09-21,24.0,0.41,9.84,False
2025-09-22,58.0,0.41,23.779999999999998,False
2025-09-23,62.0,0.41,25.419999999999998,False
2025-09-24,88.0,0.41,36.08,False
2025-09-25,59.0,0.41,24.189999999999998,False
2025-09-26,48.0,0.41,19.68,False
2025-09-27,25.0,0.41,10.25,False
2025-09-28,30.0,0.41,12.299999999999999,False
2025-09-29,58.0,0.41,23.779999999999998,False
2025-09-30,66.0,0.41,27.06,False
2025-10-01,86.0,0.35,30.099999999999998,False
2025-10-02,100.0,0.35,35.0,False
2025-10-03,71.0,0.35,24.849999999999998,False
2025-10-04,41.0,0.35,14.35,False
2025-10-05,42.0,0.35,14.7,False
2025-10-06,85.0,0.35,29.749999999999996,False
2025-10-07,98.0,0.35,34.3,False
2025-10-08,93.0,0.35,32.55,False
2025-10-09,78.0,0.35,27.299999999999997,False
2025-10-10,97.0,0.35,33.949999999999996,False
2025-10-11,34.0,0.35,11.899999999999999,False
2025-10-12,41.0,0.35,14.35,False
2025-10-13,73.0,0.35,25.549999999999997,False
2025-10-14,84.0,0.35,29.4,False
2025-10-15,89.0,0.35,31.15,False
2025-10-16,76.0,0.35,26.599999999999998,False
2025-10-17,77.0,0.35,26.95,False
2025-10-18,43.0,0.35,15.049999999999999,False
2025-10-19,30.0,0.35,10.5,False
2025-10-20,81.0,0.35,28.349999999999998,False
2025-10-21,80.0,0.35,28.0,False
2025-10-22,75.0,0.35,26.25,False
2025-10-23,71.0,0.35,24.849999999999998,False
2025-10-24,75.0,0.35,26.25,False
2025-10-25,27.0,0.35,9.45,False
2025-10-26,36.0,0.35,12.6,False
2025-10-27,78.0,0.35,27.299999999999997,False
2025-10-28,77.0,0.35,26.95,False
2025-10-29,71.0,0.35,24.849999999999998,False
2025-10-30,82.0,0.35,28.7,False
2025-10-31,65.0,0.35,22.75,False
2025-11-01,33.0,0.39,12.870000000000001,False
2025-11-02,38.0,0.39,14.82,False
2025-11-03,79.0,0.39,30.810000000000002,False
2025-11-04,76.0,0.39,29.64,False
2025-11-05,69.0,0.39,26.91,False
2025-11-06,68.0,0.39,26.52,False
2025-11-07,65.0,0.39,25.35,False
2025-11-08,39.0,0.39,15.21,False
2025-11-09,44.0,0.39,17.16,False
2025-11-10,100.0,0.39,39.0,False
2025-11-11,76.0,0.39,29.64,False
2025-11-12,75.0,0.39,29.25,False
2025-11-13,65.0,0.39,25.35,False
2025-11-14,59.0,0.39,23.01,False
2025-11-15,32.0,0.39,12.48,False
2025-11-16,35.0,0.39,13.65,False
2025-11-17,70.0,0.39,27.3,False
2025-11-18,83.0,0.39,32.370000000000005,False
2025-11-19,68.0,0.39,26.52,False
2025-11-20,69.0,0.39,26.91,False
2025-11-21,53.0,0.39,20.67,False
2025-11-22,25.0,0.39,9.75,False
2025-11-23,34.0,0.39,13.26,False
2025-11-24,78.0,0.39,30.42,False
2025-11-25,70.0,0.39,27.3,False
2025-11-26,78.0,0.39,30.42,False
2025-11-27,65.0,0.39,25.35,False
2025-11-28,65.0,0.39,25.35,False
2025-11-29,25.0,0.39,9.75,False
2025-11-30,38.0,0.39,14.82,False
2025-12-01,75.0,0.37,27.75,False
2025-12-02,75.0,0.37,27.75,False
2025-12-03,73.0,0.37,27.009999999999998,False
2025-12-04,62.0,0.37,22.94,False
2025-12-05,56.0,0.37,20.72,False
2025-12-06,30.0,0.37,11.1,False
2025-12-07,28.0,0.37,10.36,False
2025-12-08,47.0,0.37,17.39,False
2025-12-09,77.0,0.37,28.49,False
2025-12-10,100.0,0.37,37.0,False
2025-12-11,73.0,0.37,27.009999999999998,False
2025-12-12,57.0,0.37,21.09,False
2025-12-13,30.0,0.37,11.1,False
2025-12-14,34.0,0.37,12.58,False
2025-12-15,62.0,0.37,22.94,False
2025-12-16,58.0,0.37,21.46,False
2025-12-17,63.0,0.37,23.31,False
2025-12-18,63.0,0.37,23.31,False
2025-12-19,55.0,0.37,20.35,False
2025-12-20,31.0,0.37,11.47,False
2025-12-21,28.0,0.37,10.36,False
2025-12-22,54.0,0.37,19.98,False
2025-12-23,60.0,0.37,22.2,False
2025-12-24,34.0,0.37,12.58,False
2025-12-25,27.0,0.37,9.99,False
2025-12-26,55.0,0.37,20.35,False
2025-12-27,37.0,0.37,13.69,False
2025-12-28,32.0,0.37,11.84,False
2025-12-29,75.0,0.37,27.75,False
2025-12-30,63.0,0.37,23.31,False
2025-12-31,34.0,0.37,12.58,False
2026-01-01,29.0,0.46,13.34,False
2026-01-02,60.0,0.46,27.6,False
2026-01-03,31.0,0.46,14.26,False
2026-01-04,32.0,0.46,14.72,False
2026-01-05,58.0,0.46,26.68,False
2026-01-06,28.0,0.46,12.88,False
2026-01-07,73.0,0.46,33.58,False
2026-01-08,77.0,0.46,35.42,False
2026-01-09,80.0,0.46,36.800000000000004,False
2026-01-10,80.0,0.46,36.800000000000004,False
2026-01-11,51.0,0.46,23.46,False
2026-01-12,100.0,0.46,46.0,False
2026-01-13,74.0,0.46,34.04,False
2026-01-14,66.0,0.46,30.360000000000003,False
2026-01-15,60.0,0.46,27.6,False
2026-01-16,54.0,0.46,24.84,False
2026-01-17,28.0,0.46,12.88,False
2026-01-18,32.0,0.46,14.72,False
2026-01-19,65.0,0.46,29.900000000000002,False
2026-01-20,64.0,0.46,29.44,False
2026-01-21,63.0,0.46,28.98,False
2026-01-22,59.0,0.46,27.14,False
2026-01-23,53.0,0.46,24.380000000000003,False
2026-01-24,26.0,0.46,11.96,False
2026-01-25,36.0,0.46,16.560000000000002,False
2026-01-26,65.0,0.46,29.900000000000002,False
2026-01-27,62.0,0.46,28.52,False
2026-01-28,57.0,0.46,26.220000000000002,False
2026-01-29,57.0,0.46,26.220000000000002,False
2026-01-30,50.0,0.46,23.0,False
2026-01-31,29.0,0.46,13.34,False
2026-02-01,38.0,0.4,15.200000000000001,False
2026-02-02,85.0,0.4,34.0,False
2026-02-03,86.0,0.4,34.4,False
2026-02-04,84.0,0.4,33.6,False
2026-02-05,73.0,0.4,29.200000000000003,False
2026-02-06,68.0,0.4,27.200000000000003,False
2026-02-07,41.0,0.4,16.400000000000002,False
2026-02-08,42.0,0.4,16.8,False
2026-02-09,87.0,0.4,34.800000000000004,False
2026-02-10,100.0,0.4,40.0,False
2026-02-11,79.0,0.4,31.6,False
2026-02-12,68.0,0.4,27.200000000000003,False
2026-02-13,50.0,0.4,20.0,False
2026-02-14,25.0,0.4,10.0,False
2026-02-15,31.0,0.4,12.4,False
2026-02-16,68.0,0.4,27.200000000000003,False
2026-02-17,65.0,0.4,26.0,False
2026-02-18,71.0,0.4,28.400000000000002,False
2026-02-19,67.0,0.4,26.8,False
2026-02-20,60.0,0.4,24.0,False
2026-02-21,32.0,0.4,12.8,False
2026-02-22,32.0,0.4,12.8,False
2026-02-23,60.0,0.4,24.0,False
2026-02-24,70.0,0.4,28.0,False
2026-02-25,67.0,0.4,26.8,False
2026-02-26,67.0,0.4,26.8,False
2026-02-27,60.0,0.4,24.0,False
2026-02-28,36.0,0.4,14.4,False
2026-03-01,43.0,0.38,16.34,False
2026-03-02,83.0,0.38,31.54,False
2026-03-03,83.0,0.38,31.54,False
2026-03-04,80.0,0.38,30.4,False
2026-03-05,73.0,0.38,27.740000000000002,False
2026-03-06,55.0,0.38,20.9,False
2026-03-07,34.0,0.38,12.92,False
2026-03-08,40.0,0.38,15.2,False
2026-03-09,77.0,0.38,29.26,False
2026-03-10,100.0,0.38,38.0,False
2026-03-11,77.0,0.38,29.26,False
2026-03-12,74.0,0.38,28.12,False
2026-03-13,54.0,0.38,20.52,False
2026-03-14,30.0,0.38,11.4,False
2026-03-15,32.0,0.38,12.16,False
2026-03-16,72.0,0.38,27.36,False
2026-03-17,62.0,0.38,23.56,False
2026-03-18,59.0,0.38,22.42,False
2026-03-19,56.0,0.38,21.28,False
2026-03-20,53.0,0.38,20.14,False
2026-03-21,24.0,0.38,9.120000000000001,False
2026-03-22,34.0,0.38,12.92,False
2026-03-23,73.0,0.38,27.740000000000002,False
2026-03-24,62.0,0.38,23.56,False
2026-03-25,59.0,0.38,22.42,False
2026-03-26,53.0,0.38,20.14,False
2026-03-27,50.0,0.38,19.0,False
2026-03-28,25.0,0.38,9.5,False
2026-03-29,26.0,0.38,9.88,False
2026-03-30,62.0,0.38,23.56,False
2026-03-31,63.0,0.38,23.94,False
2026-04-01,53.0,0.42,22.259999999999998,False
2026-04-02,29.0,0.42,12.18,False
2026-04-03,20.0,0.42,8.4,False
2026-04-04,18.0,0.42,7.56,False
2026-04-05,28.0,0.42,11.76,False
2026-04-06,64.0,0.42,26.88,False
2026-04-07,59.0,0.42,24.779999999999998,False
2026-04-08,67.0,0.42,28.14,False
2026-04-09,93.0,0.42,39.059999999999995,False
2026-04-10,100.0,0.42,42.0,False
2026-04-11,25.0,0.42,10.5,False
2026-04-12,29.0,0.42,12.18,False
2026-04-13,59.0,0.42,24.779999999999998,False
2026-04-14,58.0,0.42,24.36,False
2026-04-15,50.0,0.42,21.0,False
2026-04-16,52.0,0.42,21.84,False
2026-04-17,42.0,0.42,17.64,False
2026-04-18,29.0,0.42,12.18,False
2026-04-19,24.0,0.42,10.08,False
2026-04-20,53.0,0.42,22.259999999999998,False
2026-04-21,47.0,0.42,19.74,False
2026-04-22,46.0,0.42,19.32,False
2026-04-23,42.0,0.42,17.64,False
2026-04-24,46.0,0.42,19.32,False
2026-04-25,27.0,0.42,11.34,False
2026-04-26,28.0,0.42,11.76,False
2026-04-27,80.0,0.42,33.6,False
2026-04-28,57.0,0.42,23.939999999999998,False
2026-04-29,46.0,0.42,19.32,False
2026-04-30,44.0,0.42,18.48,False
2026-05-01,21.0,0.39,8.19,False
2026-05-02,16.0,0.39,6.24,False
2026-05-03,22.0,0.39,8.58,False
2026-05-04,51.0,0.39,19.89,False
2026-05-05,100.0,0.39,39.0,False
2026-05-06,59.0,0.39,23.01,False
2026-05-07,40.0,0.39,15.600000000000001,False
2026-05-08,49.0,0.39,19.11,False
2026-05-09,37.0,0.39,14.43,False
2026-05-10,50.0,0.39,19.5,False
2026-05-11,70.0,0.39,27.3,False
2026-05-12,48.0,0.39,18.72,False
2026-05-13,35.0,0.39,13.65,False
2026-05-14,33.0,0.39,12.870000000000001,False
2026-05-15,28.0,0.39,10.92,False
2026-05-16,15.0,0.39,5.8500000000000005,False
2026-05-17,21.0,0.39,8.19,False
2026-05-18,38.0,0.39,14.82,False
2026-05-19,35.0,0.39,13.65,False
2026-05-20,36.0,0.39,14.040000000000001,False
2026-05-21,37.0,0.39,14.43,False
2026-05-22,29.0,0.39,11.31,False
2026-05-23,16.0,0.39,6.24,False
2026-05-24,18.0,0.39,7.0200000000000005,False
2026-05-25,35.0,0.39,13.65,False
2026-05-26,34.0,0.39,13.26,False
2026-05-27,33.0,0.39,12.870000000000001,False
2026-05-28,41.0,0.39,15.99,False
2026-05-29,30.0,0.39,11.700000000000001,False
2026-05-30,17.0,0.39,6.63,False
2026-05-31,30.0,0.39,11.700000000000001,False
2026-06-01,83.0,0.42,34.86,False
2026-06-02,100.0,0.42,42.0,False
2026-06-03,67.0,0.42,28.14,False
2026-06-04,64.0,0.42,26.88,False
2026-06-05,65.0,0.42,27.3,False
2026-06-06,46.0,0.42,19.32,False
2026-06-07,48.0,0.42,20.16,False
2026-06-08,84.0,0.42,35.28,False
2026-06-09,64.0,0.42,26.88,False
2026-06-10,68.0,0.42,28.56,False
2026-06-11,49.0,0.42,20.58,False
2026-06-12,43.0,0.42,18.06,False
2026-06-13,29.0,0.42,12.18,False
2026-06-14,32.0,0.42,13.44,False
2026-06-15,55.0,0.42,23.099999999999998,False
2026-06-16,60.0,0.42,25.2,False
2026-06-17,60.0,0.42,25.2,False
2026-06-18,53.0,0.42,22.259999999999998,False
2026-06-19,54.0,0.42,22.68,False
2026-06-20,26.0,0.42,10.92,False
2026-06-21,26.0,0.42,10.92,False
2026-06-22,72.0,0.42,30.24,False
2026-06-23,82.0,0.42,34.44,False
2026-06-24,57.0,0.42,23.939999999999998,False
2026-06-25,69.0,0.42,28.98,False
2026-06-26,58.0,0.42,24.36,False
2026-06-27,29.0,0.42,12.18,False
2026-06-28,30.0,0.42,12.6,False
2026-06-29,72.0,0.42,30.24,False
2026-06-30,73.0,0.42,30.66,False
2026-07-01,57.0,0.43,24.509999999999998,False
2026-07-02,60.0,0.43,25.8,False
2026-07-03,57.0,0.43,24.509999999999998,False
2026-07-04,20.0,0.43,8.6,False
2026-07-05,31.0,0.43,13.33,False
2026-07-06,55.0,0.43,23.65,False
2026-07-07,45.0,0.43,19.35,False
2026-07-08,56.0,0.43,24.08,False
2026-07-09,47.0,0.43,20.21,False
2026-07-10,55.0,0.43,23.65,False
2026-07-11,31.0,0.43,13.33,False
2026-07-12,36.0,0.43,15.48,False
2026-07-13,58.0,0.43,24.94,False
2026-07-14,45.0,0.43,19.35,False
2026-07-15,37.0,0.43,15.91,False
2026-07-16,100.0,0.43,43.0,False
2026-07-17,82.0,0.43,35.26,False
2026-07-18,57.0,0.43,24.509999999999998,False
2026-07-19,0.0,0.43,0.0,False
2026-07-20,38.0,0.43,16.34,False
2026-07-21,45.0,0.43,19.35,False
2026-07-22,52.0,0.43,22.36,False
2026-07-23,41.0,0.43,17.63,False
2026-07-24,30.0,0.43,12.9,False
2026-07-25,17.0,0.43,7.31,False
2026-07-26,22.0,0.43,9.459999999999999,False
2026-07-27,55.0,0.43,23.65,False
2026-07-28,51.0,0.43,21.93,False
2026-07-29,44.0,0.43,18.919999999999998,False
2026-07-30,45.0,0.43,19.35,False
2026-07-31,37.0,0.43,15.91,False
2026-08-01,35.0,0.38,13.3,False
2026-08-02,37.0,0.38,14.06,False
2026-08-03,75.0,0.38,28.5,False
2026-08-04,86.0,0.38,32.68,False
2026-08-05,71.0,0.38,26.98,False
2026-08-06,60.0,0.38,22.8,False
2026-08-07,59.0,0.38,22.42,False
2026-08-08,34.0,0.38,12.92,False
2026-08-09,52.0,0.38,19.76,False
2026-08-10,92.0,0.38,34.96,False
2026-08-11,61.0,0.38,23.18,False
2026-08-12,100.0,0.38,38.0,False
2026-08-13,53.0,0.38,20.14,False
2026-08-14,59.0,0.38,22.42,False
2026-08-15,25.0,0.38,9.5,False
2026-08-16,35.0,0.38,13.3,False
2026-08-17,58.0,0.38,22.04,False
2026-08-18,61.0,0.38,23.18,False
2026-08-19,54.0,0.38,20.52,False
2026-08-20,52.0,0.38,19.76,False
2026-08-21,42.0,0.38,15.96,False
2026-08-22,26.0,0.38,9.88,False
2026-08-23,76.0,0.38,28.88,False
2026-08-24,63.0,0.38,23.94,False
2026-08-25,63.0,0.38,23.94,False
2026-08-26,55.0,0.38,20.9,False
2026-08-27,53.0,0.38,20.14,False
2026-08-28,59.0,0.38,22.42,False
2026-08-29,38.0,0.38,14.44,False
2026-08-30,29.0,0.38,11.02,False
2026-08-31,72.0,0.38,27.36,False
2026-09-01,100.0,0.42,42.0,False
2026-09-02,93.0,0.42,39.059999999999995,False
2026-09-03,92.0,0.42,38.64,False
2026-09-04,85.0,0.42,35.699999999999996,False
2026-09-05,44.0,0.42,18.48,False
2026-09-06,36.0,0.42,15.12,False
2026-09-07,77.0,0.42,32.339999999999996,False
2026-09-08,76.0,0.42,31.919999999999998,False
2026-09-09,76.0,0.42,31.919999999999998,False
2026-09-10,88.0,0.42,36.96,False
2026-09-11,55.0,0.42,23.099999999999998,False
2026-09-12,29.0,0.42,12.18,False
2026-09-13,28.0,0.42,11.76,False
2026-09-14,85.0,0.42,35.699999999999996,False
2026-09-15,88.0,0.42,36.96,False
2026-09-16,70.0,0.42,29.4,False
2026-09-17,62.0,0.42,26.04,False
2026-09-18,52.0,0.42,21.84,False
2026-09-19,24.0,0.42,10.08,False
2026-09-20,26.0,0.42,10.92,False
2026-09-21,64.0,0.42,26.88,False
2026-09-22,68.0,0.42,28.56,False
2026-09-23,67.0,0.42,28.14,False
2026-09-24,69.0,0.42,28.98,False
2026-09-25,62.0,0.42,26.04,False
2026-09-26,38.0,0.42,15.959999999999999,False
2026-09-27,31.0,0.42,13.02,False
2026-09-28,62.0,0.42,26.04,False
2026-09-29,65.0,0.42,27.3,False
2026-09-30,64.0,0.42,26.88,False
2026-10-01,100.0,0.55,55.00000000000001,True
